timestamp,market_zone,price_inr_per_mwh
2026-08-20 00:00:00,SR,3756.37
2026-08-20 00:00:00,WR,3783.98
2026-08-20 01:00:00,SR,3631.33
2026-08-20 01:00:00,WR,3295.47
2026-08-20 02:00:00,SR,3068.32
2026-08-20 02:00:00,WR,3085.24
2026-08-20 03:00:00,SR,3371.41
2026-08-20 03:00:00,WR,3298.18
2026-08-20 04:00:00,SR,3397.14
2026-08-20 04:00:00,WR,2863.46
2026-08-20 05:00:00,SR,3914.89
2026-08-20 05:00:00,WR,3903.13
2026-08-20 06:00:00,SR,4514.86
2026-08-20 06:00:00,WR,4495.62
2026-08-20 07:00:00,SR,5526.23
2026-08-20 07:00:00,WR,5454.01
2026-08-20 08:00:00,SR,6110.63
2026-08-20 08:00:00,WR,5746.14
2026-08-20 09:00:00,SR,6524.52
2026-08-20 09:00:00,WR,6300.01
2026-08-20 10:00:00,SR,5696.85
2026-08-20 10:00:00,WR,5216.54
2026-08-20 11:00:00,SR,5305.64
2026-08-20 11:00:00,WR,4774.7
2026-08-20 12:00:00,SR,4305.77
2026-08-20 12:00:00,WR,4093.47
2026-08-20 13:00:00,SR,4363.12
2026-08-20 13:00:00,WR,4008.98
2026-08-20 14:00:00,SR,4439.77
2026-08-20 14:00:00,WR,4146.73
2026-08-20 15:00:00,SR,5314.0
2026-08-20 15:00:00,WR,4641.47
2026-08-20 16:00:00,SR,5164.26
2026-08-20 16:00:00,WR,4811.14
2026-08-20 17:00:00,SR,5978.63
2026-08-20 17:00:00,WR,5597.78
2026-08-20 18:00:00,SR,6164.68
2026-08-20 18:00:00,WR,5819.69
2026-08-20 19:00:00,SR,6519.68
2026-08-20 19:00:00,WR,5949.81
2026-08-20 20:00:00,SR,7260.14
2026-08-20 20:00:00,WR,5994.81
2026-08-20 21:00:00,SR,6260.58
2026-08-20 21:00:00,WR,6591.01
2026-08-20 22:00:00,SR,5510.33
2026-08-20 22:00:00,WR,4683.25
2026-08-20 23:00:00,SR,4425.67
2026-08-20 23:00:00,WR,4142.01
2026-08-21 00:00:00,SR,3864.3
2026-08-21 00:00:00,WR,3384.92
2026-08-21 01:00:00,SR,8514.07
2026-08-21 01:00:00,WR,3753.77
2026-08-21 02:00:00,SR,3510.12
2026-08-21 02:00:00,WR,3457.4
2026-08-21 03:00:00,SR,3299.09
2026-08-21 03:00:00,WR,3369.33
2026-08-21 04:00:00,SR,3294.02
2026-08-21 04:00:00,WR,3226.59
2026-08-21 05:00:00,SR,4033.53
2026-08-21 05:00:00,WR,3445.02
2026-08-21 06:00:00,SR,4721.64
2026-08-21 06:00:00,WR,4459.03
2026-08-21 07:00:00,SR,5313.83
2026-08-21 07:00:00,WR,5086.29
2026-08-21 08:00:00,SR,6180.81
2026-08-21 08:00:00,WR,5364.78
2026-08-21 09:00:00,SR,6503.12
2026-08-21 09:00:00,WR,5537.18
2026-08-21 10:00:00,SR,5621.57
2026-08-21 10:00:00,WR,5070.91
2026-08-21 11:00:00,SR,4956.14
2026-08-21 11:00:00,WR,4384.46
2026-08-21 12:00:00,SR,4154.0
2026-08-21 12:00:00,WR,4048.82
2026-08-21 13:00:00,SR,4359.13
2026-08-21 13:00:00,WR,4101.87
2026-08-21 14:00:00,SR,4503.78
2026-08-21 14:00:00,WR,4234.32
2026-08-21 15:00:00,SR,4841.92
2026-08-21 15:00:00,WR,4553.81
2026-08-21 16:00:00,SR,5222.2
2026-08-21 16:00:00,WR,5029.05
2026-08-21 17:00:00,SR,5612.53
2026-08-21 17:00:00,WR,5626.47
2026-08-21 18:00:00,SR,6086.53
2026-08-21 18:00:00,WR,5232.12
2026-08-21 19:00:00,SR,6971.14
2026-08-21 19:00:00,WR,6456.29
2026-08-21 20:00:00,SR,7009.98
2026-08-21 20:00:00,WR,7013.0
2026-08-21 21:00:00,SR,6803.91
2026-08-21 21:00:00,WR,5640.94
2026-08-21 22:00:00,SR,5676.47
2026-08-21 22:00:00,WR,4557.73
2026-08-21 23:00:00,SR,4385.97
2026-08-21 23:00:00,WR,4139.97
2026-08-22 00:00:00,SR,2990.86
2026-08-22 00:00:00,WR,3350.32
2026-08-22 01:00:00,SR,2897.8
2026-08-22 01:00:00,WR,2985.87
2026-08-22 02:00:00,SR,2828.6
2026-08-22 02:00:00,WR,3018.24
2026-08-22 03:00:00,SR,3108.8
2026-08-22 03:00:00,WR,2930.7
2026-08-22 04:00:00,SR,3071.99
2026-08-22 04:00:00,WR,2757.35
2026-08-22 05:00:00,SR,3234.15
2026-08-22 05:00:00,WR,3066.17
2026-08-22 06:00:00,SR,3854.79
2026-08-22 06:00:00,WR,3523.42
2026-08-22 07:00:00,SR,4299.12
2026-08-22 07:00:00,WR,4769.79
2026-08-22 08:00:00,SR,5290.5
2026-08-22 08:00:00,WR,5142.84
2026-08-22 09:00:00,SR,5052.42
2026-08-22 09:00:00,WR,5076.09
2026-08-22 10:00:00,SR,4877.85
2026-08-22 10:00:00,WR,4629.17
2026-08-22 11:00:00,SR,4361.72
2026-08-22 11:00:00,WR,3894.26
2026-08-22 12:00:00,SR,3788.24
2026-08-22 12:00:00,WR,3710.89
2026-08-22 13:00:00,SR,3736.61
2026-08-22 13:00:00,WR,3386.21
2026-08-22 14:00:00,SR,4048.16
2026-08-22 14:00:00,WR,3531.37
2026-08-22 15:00:00,SR,4257.32
2026-08-22 15:00:00,WR,3848.7
2026-08-22 16:00:00,SR,4343.87
2026-08-22 16:00:00,WR,4517.8
2026-08-22 17:00:00,SR,4819.92
2026-08-22 17:00:00,WR,4733.49
2026-08-22 18:00:00,SR,5030.74
2026-08-22 18:00:00,WR,5096.45
2026-08-22 19:00:00,SR,5859.63
2026-08-22 19:00:00,WR,5243.98
2026-08-22 20:00:00,SR,5790.01
2026-08-22 20:00:00,WR,5548.39
2026-08-22 21:00:00,SR,6037.59
2026-08-22 21:00:00,WR,5481.55
2026-08-22 22:00:00,SR,5690.58
2026-08-22 22:00:00,WR,4235.84
2026-08-22 23:00:00,SR,3644.42
2026-08-22 23:00:00,WR,3598.92
2026-08-23 00:00:00,SR,3269.92
2026-08-23 00:00:00,WR,3179.32
2026-08-23 01:00:00,SR,2988.92
2026-08-23 01:00:00,WR,6211.62
2026-08-23 02:00:00,SR,2944.23
2026-08-23 02:00:00,WR,2605.81
2026-08-23 03:00:00,SR,2944.44
2026-08-23 03:00:00,WR,3060.16
2026-08-23 04:00:00,SR,2811.56
2026-08-23 04:00:00,WR,3010.83
2026-08-23 05:00:00,SR,3190.81
2026-08-23 05:00:00,WR,3204.0
2026-08-23 06:00:00,SR,3979.47
2026-08-23 06:00:00,WR,3399.72
2026-08-23 07:00:00,SR,4739.95
2026-08-23 07:00:00,WR,4218.65
2026-08-23 08:00:00,SR,5101.9
2026-08-23 08:00:00,WR,4597.09
2026-08-23 09:00:00,SR,5187.53
2026-08-23 09:00:00,WR,5062.56
2026-08-23 10:00:00,SR,5548.17
2026-08-23 10:00:00,WR,4776.95
2026-08-23 11:00:00,SR,4543.25
2026-08-23 11:00:00,WR,4125.58
2026-08-23 12:00:00,SR,4015.92
2026-08-23 12:00:00,WR,3929.14
2026-08-23 13:00:00,SR,3677.35
2026-08-23 13:00:00,WR,3506.6
2026-08-23 14:00:00,SR,3669.38
2026-08-23 14:00:00,WR,3827.6
2026-08-23 15:00:00,SR,4090.79
2026-08-23 15:00:00,WR,3914.61
2026-08-23 16:00:00,SR,4326.73
2026-08-23 16:00:00,WR,4464.06
2026-08-23 17:00:00,SR,5457.47
2026-08-23 17:00:00,WR,4720.13
2026-08-23 18:00:00,SR,5374.87
2026-08-23 18:00:00,WR,5138.08
2026-08-23 19:00:00,SR,6317.44
2026-08-23 19:00:00,WR,5555.56
2026-08-23 20:00:00,SR,5979.19
2026-08-23 20:00:00,WR,5540.42
2026-08-23 21:00:00,SR,5923.71
2026-08-23 21:00:00,WR,6234.77
2026-08-23 22:00:00,SR,5016.44
2026-08-23 22:00:00,WR,4679.22
2026-08-23 23:00:00,SR,3574.69
2026-08-23 23:00:00,WR,3746.98
2026-08-24 00:00:00,SR,4031.74
2026-08-24 00:00:00,WR,3799.08
2026-08-24 01:00:00,SR,3443.93
2026-08-24 01:00:00,WR,3500.42
2026-08-24 02:00:00,SR,3222.08
2026-08-24 02:00:00,WR,2975.65
2026-08-24 03:00:00,SR,3468.82
2026-08-24 03:00:00,WR,3384.91
2026-08-24 04:00:00,SR,3410.01
2026-08-24 04:00:00,WR,3165.16
2026-08-24 05:00:00,SR,3825.5
2026-08-24 05:00:00,WR,3734.88
2026-08-24 06:00:00,SR,4534.85
2026-08-24 06:00:00,WR,4492.83
2026-08-24 07:00:00,SR,4861.96
2026-08-24 07:00:00,WR,4653.77
2026-08-24 08:00:00,SR,5765.42
2026-08-24 08:00:00,WR,5684.48
2026-08-24 09:00:00,SR,5994.7
2026-08-24 09:00:00,WR,5442.62
2026-08-24 10:00:00,SR,6032.56
2026-08-24 10:00:00,WR,4742.21
2026-08-24 11:00:00,SR,5023.68
2026-08-24 11:00:00,WR,4322.43
2026-08-24 12:00:00,SR,4521.9
2026-08-24 12:00:00,WR,4164.4
2026-08-24 13:00:00,SR,4193.75
2026-08-24 13:00:00,WR,4008.77
2026-08-24 14:00:00,SR,4481.33
2026-08-24 14:00:00,WR,4036.31
2026-08-24 15:00:00,SR,4778.16
2026-08-24 15:00:00,WR,4697.26
2026-08-24 16:00:00,SR,5257.45
2026-08-24 16:00:00,WR,4948.77
2026-08-24 17:00:00,SR,5869.93
2026-08-24 17:00:00,WR,5596.14
2026-08-24 18:00:00,SR,6247.98
2026-08-24 18:00:00,WR,6045.61
2026-08-24 19:00:00,SR,7680.44
2026-08-24 19:00:00,WR,7168.78
2026-08-24 20:00:00,SR,6722.81
2026-08-24 20:00:00,WR,6563.18
2026-08-24 21:00:00,SR,6183.13
2026-08-24 21:00:00,WR,6632.87
2026-08-24 22:00:00,SR,5808.48
2026-08-24 22:00:00,WR,5356.21
2026-08-24 23:00:00,SR,4253.17
2026-08-24 23:00:00,WR,4248.42
2026-08-25 00:00:00,SR,3315.96
2026-08-25 00:00:00,WR,3646.23
2026-08-25 01:00:00,SR,3327.33
2026-08-25 01:00:00,WR,3493.27
2026-08-25 02:00:00,SR,3790.98
2026-08-25 02:00:00,WR,3335.08
2026-08-25 03:00:00,SR,3215.94
2026-08-25 03:00:00,WR,3489.6
2026-08-25 04:00:00,SR,3113.59
2026-08-25 04:00:00,WR,3250.98
2026-08-25 05:00:00,SR,4165.83
2026-08-25 05:00:00,WR,3432.35
2026-08-25 06:00:00,SR,4270.24
2026-08-25 06:00:00,WR,4314.44
2026-08-25 07:00:00,SR,6209.11
2026-08-25 07:00:00,WR,4945.01
2026-08-25 08:00:00,SR,5913.08
2026-08-25 08:00:00,WR,5533.6
2026-08-25 09:00:00,SR,6817.38
2026-08-25 09:00:00,WR,5837.86
2026-08-25 10:00:00,SR,5702.2
2026-08-25 10:00:00,WR,5253.17
2026-08-25 11:00:00,SR,5129.13
2026-08-25 11:00:00,WR,4638.34
2026-08-25 12:00:00,SR,4388.04
2026-08-25 12:00:00,WR,4081.2
2026-08-25 13:00:00,SR,4216.19
2026-08-25 13:00:00,WR,4131.16
2026-08-25 14:00:00,SR,4418.1
2026-08-25 14:00:00,WR,4636.59
2026-08-25 15:00:00,SR,4932.82
2026-08-25 15:00:00,WR,4624.85
2026-08-25 16:00:00,SR,5362.55
2026-08-25 16:00:00,WR,4888.32
2026-08-25 17:00:00,SR,5838.68
2026-08-25 17:00:00,WR,4855.12
2026-08-25 18:00:00,SR,6000.22
2026-08-25 18:00:00,WR,6386.05
2026-08-25 19:00:00,SR,6793.99
2026-08-25 19:00:00,WR,6492.8
2026-08-25 20:00:00,SR,7580.88
2026-08-25 20:00:00,WR,6548.18
2026-08-25 21:00:00,SR,6421.87
2026-08-25 21:00:00,WR,5552.09
2026-08-25 22:00:00,SR,5797.53
2026-08-25 22:00:00,WR,5271.12
2026-08-25 23:00:00,SR,4680.7
2026-08-25 23:00:00,WR,4219.24
2026-08-26 00:00:00,SR,3807.01
2026-08-26 00:00:00,WR,3568.66
2026-08-26 01:00:00,SR,3679.88
2026-08-26 01:00:00,WR,3240.21
2026-08-26 02:00:00,SR,3226.64
2026-08-26 02:00:00,WR,3140.19
2026-08-26 03:00:00,SR,3410.46
2026-08-26 03:00:00,WR,3647.87
2026-08-26 04:00:00,SR,3366.41
2026-08-26 04:00:00,WR,3392.6
2026-08-26 05:00:00,SR,3720.53
2026-08-26 05:00:00,WR,3615.46
2026-08-26 06:00:00,SR,4854.27
2026-08-26 06:00:00,WR,4445.52
2026-08-26 07:00:00,SR,5361.66
2026-08-26 07:00:00,WR,5104.54
2026-08-26 08:00:00,SR,6118.02
2026-08-26 08:00:00,WR,5280.86
2026-08-26 09:00:00,SR,5728.39
2026-08-26 09:00:00,WR,6153.2
2026-08-26 10:00:00,SR,6276.6
2026-08-26 10:00:00,WR,5350.61
2026-08-26 11:00:00,SR,5240.99
2026-08-26 11:00:00,WR,4704.4
2026-08-26 12:00:00,SR,4407.56
2026-08-26 12:00:00,WR,4506.01
2026-08-26 13:00:00,SR,4198.99
2026-08-26 13:00:00,WR,3785.62
2026-08-26 14:00:00,SR,4498.22
2026-08-26 14:00:00,WR,3987.16
2026-08-26 15:00:00,SR,5106.98
2026-08-26 15:00:00,WR,4653.78
2026-08-26 16:00:00,SR,5789.8
2026-08-26 16:00:00,WR,5239.89
2026-08-26 17:00:00,SR,6069.11
2026-08-26 17:00:00,WR,5328.11
2026-08-26 18:00:00,SR,6250.49
2026-08-26 18:00:00,WR,5670.83
2026-08-26 19:00:00,SR,7170.71
2026-08-26 19:00:00,WR,6616.32
2026-08-26 20:00:00,SR,7308.74
2026-08-26 20:00:00,WR,7356.75
2026-08-26 21:00:00,SR,6705.44
2026-08-26 21:00:00,WR,6292.03
2026-08-26 22:00:00,SR,5942.38
2026-08-26 22:00:00,WR,5099.07
2026-08-26 23:00:00,SR,4582.66
2026-08-26 23:00:00,WR,3974.25
2026-08-27 00:00:00,SR,3708.26
2026-08-27 00:00:00,WR,3641.96
2026-08-27 01:00:00,SR,3428.39
2026-08-27 01:00:00,WR,3621.69
2026-08-27 02:00:00,SR,3528.03
2026-08-27 02:00:00,WR,3853.47
2026-08-27 03:00:00,SR,3198.01
2026-08-27 03:00:00,WR,3278.76
2026-08-27 04:00:00,SR,3211.07
2026-08-27 04:00:00,WR,3390.98
2026-08-27 05:00:00,SR,3829.83
2026-08-27 05:00:00,WR,4033.75
2026-08-27 06:00:00,SR,4662.94
2026-08-27 06:00:00,WR,4506.66
2026-08-27 07:00:00,SR,5512.88
2026-08-27 07:00:00,WR,5170.39
2026-08-27 08:00:00,SR,6158.46
2026-08-27 08:00:00,WR,6112.18
2026-08-27 09:00:00,SR,5636.63
2026-08-27 09:00:00,WR,5916.89
2026-08-27 10:00:00,SR,5953.04
2026-08-27 10:00:00,WR,5140.28
2026-08-27 11:00:00,SR,5399.05
2026-08-27 11:00:00,WR,4966.01
2026-08-27 12:00:00,SR,4611.93
2026-08-27 12:00:00,WR,3865.11
2026-08-27 13:00:00,SR,4447.69
2026-08-27 13:00:00,WR,4260.45
2026-08-27 14:00:00,SR,4425.29
2026-08-27 14:00:00,WR,4149.48
2026-08-27 15:00:00,SR,4892.13
2026-08-27 15:00:00,WR,4516.58
2026-08-27 16:00:00,SR,5290.37
2026-08-27 16:00:00,WR,4938.21
2026-08-27 17:00:00,SR,5944.29
2026-08-27 17:00:00,WR,5461.9
2026-08-27 18:00:00,SR,5904.74
2026-08-27 18:00:00,WR,5711.15
2026-08-27 19:00:00,SR,7344.6
2026-08-27 19:00:00,WR,6561.77
2026-08-27 20:00:00,SR,6749.8
2026-08-27 20:00:00,WR,6477.38
2026-08-27 21:00:00,SR,6969.57
2026-08-27 21:00:00,WR,5672.26
2026-08-27 22:00:00,SR,6112.79
2026-08-27 22:00:00,WR,5309.42
2026-08-27 23:00:00,SR,4610.88
2026-08-27 23:00:00,WR,4401.11
2026-08-28 00:00:00,SR,4157.05
2026-08-28 00:00:00,WR,3309.02
2026-08-28 01:00:00,SR,3169.54
2026-08-28 01:00:00,WR,3476.88
2026-08-28 02:00:00,SR,3343.45
2026-08-28 02:00:00,WR,3303.37
2026-08-28 03:00:00,SR,3592.19
2026-08-28 03:00:00,WR,3488.63
2026-08-28 04:00:00,SR,3207.62
2026-08-28 04:00:00,WR,3337.4
2026-08-28 05:00:00,SR,3624.15
2026-08-28 05:00:00,WR,3862.72
2026-08-28 06:00:00,SR,4647.5
2026-08-28 06:00:00,WR,4587.49
2026-08-28 07:00:00,SR,5050.67
2026-08-28 07:00:00,WR,5293.07
2026-08-28 08:00:00,SR,6054.81
2026-08-28 08:00:00,WR,6144.53
2026-08-28 09:00:00,SR,6434.48
2026-08-28 09:00:00,WR,5826.75
2026-08-28 10:00:00,SR,5826.8
2026-08-28 10:00:00,WR,5425.94
2026-08-28 11:00:00,SR,5089.67
2026-08-28 11:00:00,WR,4782.94
2026-08-28 12:00:00,SR,4272.14
2026-08-28 12:00:00,WR,4221.21
2026-08-28 13:00:00,SR,4319.28
2026-08-28 13:00:00,WR,4005.32
2026-08-28 14:00:00,SR,4291.65
2026-08-28 14:00:00,WR,3967.33
2026-08-28 15:00:00,SR,8752.08
2026-08-28 15:00:00,WR,4591.7
2026-08-28 16:00:00,SR,4802.38
2026-08-28 16:00:00,WR,4647.81
2026-08-28 17:00:00,SR,5404.54
2026-08-28 17:00:00,WR,4945.93
2026-08-28 18:00:00,SR,6028.07
2026-08-28 18:00:00,WR,5518.34
2026-08-28 19:00:00,SR,6746.04
2026-08-28 19:00:00,WR,6637.32
2026-08-28 20:00:00,SR,7428.47
2026-08-28 20:00:00,WR,6694.62
2026-08-28 21:00:00,SR,6669.42
2026-08-28 21:00:00,WR,6490.98
2026-08-28 22:00:00,SR,5708.35
2026-08-28 22:00:00,WR,5129.95
2026-08-28 23:00:00,SR,4448.56
2026-08-28 23:00:00,WR,4422.05
2026-08-29 00:00:00,SR,3145.82
2026-08-29 00:00:00,WR,2973.33
2026-08-29 01:00:00,SR,2930.73
2026-08-29 01:00:00,WR,2864.14
2026-08-29 02:00:00,SR,3099.0
2026-08-29 02:00:00,WR,3095.01
2026-08-29 03:00:00,SR,2732.62
2026-08-29 03:00:00,WR,2925.0
2026-08-29 04:00:00,SR,2824.29
2026-08-29 04:00:00,WR,3044.13
2026-08-29 05:00:00,SR,3264.45
2026-08-29 05:00:00,WR,3276.82
2026-08-29 06:00:00,SR,4126.21
2026-08-29 06:00:00,WR,3760.88
2026-08-29 07:00:00,SR,4605.51
2026-08-29 07:00:00,WR,4192.18
2026-08-29 08:00:00,SR,5085.59
2026-08-29 08:00:00,WR,4509.43
2026-08-29 09:00:00,SR,5424.83
2026-08-29 09:00:00,WR,5595.52
2026-08-29 10:00:00,SR,5129.7
2026-08-29 10:00:00,WR,4327.79
2026-08-29 11:00:00,SR,4306.23
2026-08-29 11:00:00,WR,4369.99
2026-08-29 12:00:00,SR,4061.3
2026-08-29 12:00:00,WR,3677.84
2026-08-29 13:00:00,SR,3931.67
2026-08-29 13:00:00,WR,3580.22
2026-08-29 14:00:00,SR,3786.76
2026-08-29 14:00:00,WR,3653.32
2026-08-29 15:00:00,SR,4616.37
2026-08-29 15:00:00,WR,4104.22
2026-08-29 16:00:00,SR,4660.31
2026-08-29 16:00:00,WR,4203.02
2026-08-29 17:00:00,SR,5355.82
2026-08-29 17:00:00,WR,4278.02
2026-08-29 18:00:00,SR,5523.31
2026-08-29 18:00:00,WR,4941.34
2026-08-29 19:00:00,SR,6052.12
2026-08-29 19:00:00,WR,5720.78
2026-08-29 20:00:00,SR,5646.34
2026-08-29 20:00:00,WR,5452.38
2026-08-29 21:00:00,SR,5501.6
2026-08-29 21:00:00,WR,5760.78
2026-08-29 22:00:00,SR,4921.48
2026-08-29 22:00:00,WR,4596.59
2026-08-29 23:00:00,SR,4068.77
2026-08-29 23:00:00,WR,3446.87
2026-08-30 00:00:00,SR,3301.16
2026-08-30 00:00:00,WR,3222.72
2026-08-30 01:00:00,SR,3025.72
2026-08-30 01:00:00,WR,3096.76
2026-08-30 02:00:00,SR,3073.97
2026-08-30 02:00:00,WR,3021.7
2026-08-30 03:00:00,SR,3094.09
2026-08-30 03:00:00,WR,2480.85
2026-08-30 04:00:00,SR,2982.61
2026-08-30 04:00:00,WR,2497.58
2026-08-30 05:00:00,SR,3325.28
2026-08-30 05:00:00,WR,3407.41
2026-08-30 06:00:00,SR,3964.38
2026-08-30 06:00:00,WR,3588.75
2026-08-30 07:00:00,SR,4722.14
2026-08-30 07:00:00,WR,4691.07
2026-08-30 08:00:00,SR,5056.69
2026-08-30 08:00:00,WR,5247.49
2026-08-30 09:00:00,SR,5247.64
2026-08-30 09:00:00,WR,4829.3
2026-08-30 10:00:00,SR,5196.94
2026-08-30 10:00:00,WR,4474.75
2026-08-30 11:00:00,SR,4622.74
2026-08-30 11:00:00,WR,4232.66
2026-08-30 12:00:00,SR,3803.4
2026-08-30 12:00:00,WR,3588.28
2026-08-30 13:00:00,SR,3669.56
2026-08-30 13:00:00,WR,3764.59
2026-08-30 14:00:00,SR,3465.46
2026-08-30 14:00:00,WR,3910.46
2026-08-30 15:00:00,SR,3790.4
2026-08-30 15:00:00,WR,3766.61
2026-08-30 16:00:00,SR,4964.84
2026-08-30 16:00:00,WR,4202.32
2026-08-30 17:00:00,SR,4903.39
2026-08-30 17:00:00,WR,4821.48
2026-08-30 18:00:00,SR,4631.22
2026-08-30 18:00:00,WR,4538.11
2026-08-30 19:00:00,SR,6685.01
2026-08-30 19:00:00,WR,5093.85
2026-08-30 20:00:00,SR,5966.97
2026-08-30 20:00:00,WR,5504.75
2026-08-30 21:00:00,SR,5376.63
2026-08-30 21:00:00,WR,6019.72
2026-08-30 22:00:00,SR,5023.53
2026-08-30 22:00:00,WR,4687.16
2026-08-30 23:00:00,SR,4011.2
2026-08-30 23:00:00,WR,3542.44
2026-08-31 00:00:00,SR,3857.29
2026-08-31 00:00:00,WR,3491.58
2026-08-31 01:00:00,SR,3689.3
2026-08-31 01:00:00,WR,3276.76
2026-08-31 02:00:00,SR,3263.54
2026-08-31 02:00:00,WR,3290.24
2026-08-31 03:00:00,SR,3605.19
2026-08-31 03:00:00,WR,3234.15
2026-08-31 04:00:00,SR,3670.67
2026-08-31 04:00:00,WR,3349.55
2026-08-31 05:00:00,SR,4058.22
2026-08-31 05:00:00,WR,3818.96
2026-08-31 06:00:00,SR,4598.21
2026-08-31 06:00:00,WR,4435.12
2026-08-31 07:00:00,SR,5348.98
2026-08-31 07:00:00,WR,5337.2
2026-08-31 08:00:00,SR,5917.05
2026-08-31 08:00:00,WR,5626.22
2026-08-31 09:00:00,SR,5811.39
2026-08-31 09:00:00,WR,6408.66
2026-08-31 10:00:00,SR,5644.34
2026-08-31 10:00:00,WR,5632.07
2026-08-31 11:00:00,SR,4440.17
2026-08-31 11:00:00,WR,4748.0
2026-08-31 12:00:00,SR,4064.43
2026-08-31 12:00:00,WR,4315.68
2026-08-31 13:00:00,SR,4340.49
2026-08-31 13:00:00,WR,3953.5
2026-08-31 14:00:00,SR,4332.69
2026-08-31 14:00:00,WR,4111.84
2026-08-31 15:00:00,SR,4891.48
2026-08-31 15:00:00,WR,4533.45
2026-08-31 16:00:00,SR,5535.6
2026-08-31 16:00:00,WR,4842.75
2026-08-31 17:00:00,SR,5963.68
2026-08-31 17:00:00,WR,5144.72
2026-08-31 18:00:00,SR,6347.26
2026-08-31 18:00:00,WR,6018.87
2026-08-31 19:00:00,SR,6829.97
2026-08-31 19:00:00,WR,6750.97
2026-08-31 20:00:00,SR,6795.54
2026-08-31 20:00:00,WR,6763.9
2026-08-31 21:00:00,SR,6291.09
2026-08-31 21:00:00,WR,6266.1
2026-08-31 22:00:00,SR,5602.45
2026-08-31 22:00:00,WR,5916.14
2026-08-31 23:00:00,SR,4423.03
2026-08-31 23:00:00,WR,4072.49
2026-09-01 00:00:00,SR,3745.07
2026-09-01 00:00:00,WR,3729.4
2026-09-01 01:00:00,SR,3692.64
2026-09-01 01:00:00,WR,3685.04
2026-09-01 02:00:00,SR,3405.24
2026-09-01 02:00:00,WR,3203.83
2026-09-01 03:00:00,SR,3474.9
2026-09-01 03:00:00,WR,3448.4
2026-09-01 04:00:00,SR,6351.05
2026-09-01 04:00:00,WR,3693.69
2026-09-01 05:00:00,SR,3615.69
2026-09-01 05:00:00,WR,3729.58
2026-09-01 06:00:00,SR,4212.72
2026-09-01 06:00:00,WR,4493.9
2026-09-01 07:00:00,SR,5792.02
2026-09-01 07:00:00,WR,4967.25
2026-09-01 08:00:00,SR,6167.68
2026-09-01 08:00:00,WR,5854.64
2026-09-01 09:00:00,SR,5945.17
2026-09-01 09:00:00,WR,5678.69
2026-09-01 10:00:00,SR,5494.0
2026-09-01 10:00:00,WR,5408.67
2026-09-01 11:00:00,SR,5552.12
2026-09-01 11:00:00,WR,4354.77
2026-09-01 12:00:00,SR,4256.23
2026-09-01 12:00:00,WR,3667.6
2026-09-01 13:00:00,SR,4636.45
2026-09-01 13:00:00,WR,3973.4
2026-09-01 14:00:00,SR,4446.45
2026-09-01 14:00:00,WR,4064.8
2026-09-01 15:00:00,SR,4445.85
2026-09-01 15:00:00,WR,4512.41
2026-09-01 16:00:00,SR,5237.55
2026-09-01 16:00:00,WR,5225.6
2026-09-01 17:00:00,SR,6093.6
2026-09-01 17:00:00,WR,5799.81
2026-09-01 18:00:00,SR,5704.0
2026-09-01 18:00:00,WR,5950.13
2026-09-01 19:00:00,SR,6667.03
2026-09-01 19:00:00,WR,6657.99
2026-09-01 20:00:00,SR,6845.44
2026-09-01 20:00:00,WR,6385.7
2026-09-01 21:00:00,SR,6895.49
2026-09-01 21:00:00,WR,5986.69
2026-09-01 22:00:00,SR,5883.65
2026-09-01 22:00:00,WR,5463.4
2026-09-01 23:00:00,SR,4561.74
2026-09-01 23:00:00,WR,3979.37
2026-09-02 00:00:00,SR,3782.46
2026-09-02 00:00:00,WR,3460.23
2026-09-02 01:00:00,SR,3615.32
2026-09-02 01:00:00,WR,3990.84
2026-09-02 02:00:00,SR,3215.04
2026-09-02 02:00:00,WR,3404.07
2026-09-02 03:00:00,SR,3425.74
2026-09-02 03:00:00,WR,3263.98
2026-09-02 04:00:00,SR,3684.63
2026-09-02 04:00:00,WR,3292.63
2026-09-02 05:00:00,SR,3795.08
2026-09-02 05:00:00,WR,3464.25
2026-09-02 06:00:00,SR,4405.93
2026-09-02 06:00:00,WR,4522.8
2026-09-02 07:00:00,SR,5310.63
2026-09-02 07:00:00,WR,5061.48
2026-09-02 08:00:00,SR,6475.44
2026-09-02 08:00:00,WR,5998.91
2026-09-02 09:00:00,SR,5553.16
2026-09-02 09:00:00,WR,6073.91
2026-09-02 10:00:00,SR,6550.35
2026-09-02 10:00:00,WR,5338.98
2026-09-02 11:00:00,SR,4562.75
2026-09-02 11:00:00,WR,4239.21
2026-09-02 12:00:00,SR,4382.14
2026-09-02 12:00:00,WR,4231.35
2026-09-02 13:00:00,SR,4055.14
2026-09-02 13:00:00,WR,4066.91
2026-09-02 14:00:00,SR,4510.51
2026-09-02 14:00:00,WR,3721.3
2026-09-02 15:00:00,SR,5019.47
2026-09-02 15:00:00,WR,4701.25
2026-09-02 16:00:00,SR,5401.16
2026-09-02 16:00:00,WR,4752.96
2026-09-02 17:00:00,SR,5818.71
2026-09-02 17:00:00,WR,5811.55
2026-09-02 18:00:00,SR,5722.39
2026-09-02 18:00:00,WR,5840.44
2026-09-02 19:00:00,SR,6736.58
2026-09-02 19:00:00,WR,6247.42
2026-09-02 20:00:00,SR,7011.21
2026-09-02 20:00:00,WR,6709.21
2026-09-02 21:00:00,SR,6348.35
2026-09-02 21:00:00,WR,6346.47
2026-09-02 22:00:00,SR,5851.26
2026-09-02 22:00:00,WR,5360.14
2026-09-02 23:00:00,SR,4485.19
2026-09-02 23:00:00,WR,4403.15
2026-09-03 00:00:00,SR,3680.87
2026-09-03 00:00:00,WR,3355.36
2026-09-03 01:00:00,SR,3536.09
2026-09-03 01:00:00,WR,3539.55
2026-09-03 02:00:00,SR,3379.23
2026-09-03 02:00:00,WR,3276.37
2026-09-03 03:00:00,SR,3098.62
2026-09-03 03:00:00,WR,3302.26
2026-09-03 04:00:00,SR,3520.95
2026-09-03 04:00:00,WR,3635.62
2026-09-03 05:00:00,SR,3305.72
2026-09-03 05:00:00,WR,3588.24
2026-09-03 06:00:00,SR,4612.37
2026-09-03 06:00:00,WR,4552.64
2026-09-03 07:00:00,SR,5100.95
2026-09-03 07:00:00,WR,5379.4
2026-09-03 08:00:00,SR,6173.18
2026-09-03 08:00:00,WR,5867.58
2026-09-03 09:00:00,SR,6441.69
2026-09-03 09:00:00,WR,5940.15
2026-09-03 10:00:00,SR,5927.11
2026-09-03 10:00:00,WR,5494.68
2026-09-03 11:00:00,SR,5262.48
2026-09-03 11:00:00,WR,4838.83
2026-09-03 12:00:00,SR,4727.74
2026-09-03 12:00:00,WR,4051.93
2026-09-03 13:00:00,SR,4204.04
2026-09-03 13:00:00,WR,4071.45
2026-09-03 14:00:00,SR,4572.65
2026-09-03 14:00:00,WR,4634.76
2026-09-03 15:00:00,SR,4742.4
2026-09-03 15:00:00,WR,4708.43
2026-09-03 16:00:00,SR,5443.52
2026-09-03 16:00:00,WR,5072.65
2026-09-03 17:00:00,SR,6144.15
2026-09-03 17:00:00,WR,5428.7
2026-09-03 18:00:00,SR,6010.29
2026-09-03 18:00:00,WR,5638.48
2026-09-03 19:00:00,SR,6078.4
2026-09-03 19:00:00,WR,6535.85
2026-09-03 20:00:00,SR,6754.51
2026-09-03 20:00:00,WR,6755.74
2026-09-03 21:00:00,SR,7098.69
2026-09-03 21:00:00,WR,6279.93
2026-09-03 22:00:00,SR,5466.77
2026-09-03 22:00:00,WR,6060.98
2026-09-03 23:00:00,SR,4682.68
2026-09-03 23:00:00,WR,4070.86
2026-09-04 00:00:00,SR,3573.92
2026-09-04 00:00:00,WR,3517.77
2026-09-04 01:00:00,SR,3502.77
2026-09-04 01:00:00,WR,3433.75
2026-09-04 02:00:00,SR,3438.45
2026-09-04 02:00:00,WR,3389.52
2026-09-04 03:00:00,SR,6930.08
2026-09-04 03:00:00,WR,3209.84
2026-09-04 04:00:00,SR,3231.62
2026-09-04 04:00:00,WR,3438.45
2026-09-04 05:00:00,SR,3925.12
2026-09-04 05:00:00,WR,3802.54
2026-09-04 06:00:00,SR,4321.23
2026-09-04 06:00:00,WR,4620.38
2026-09-04 07:00:00,SR,5773.02
2026-09-04 07:00:00,WR,5014.78
2026-09-04 08:00:00,SR,5617.62
2026-09-04 08:00:00,WR,6104.88
2026-09-04 09:00:00,SR,6787.1
2026-09-04 09:00:00,WR,6105.54
2026-09-04 10:00:00,SR,6042.25
2026-09-04 10:00:00,WR,6205.62
2026-09-04 11:00:00,SR,4776.76
2026-09-04 11:00:00,WR,4537.92
2026-09-04 12:00:00,SR,4465.77
2026-09-04 12:00:00,WR,4046.33
2026-09-04 13:00:00,SR,4260.64
2026-09-04 13:00:00,WR,4019.25
2026-09-04 14:00:00,SR,4437.0
2026-09-04 14:00:00,WR,4247.52
2026-09-04 15:00:00,SR,5053.61
2026-09-04 15:00:00,WR,4725.71
2026-09-04 16:00:00,SR,4760.93
2026-09-04 16:00:00,WR,5204.22
2026-09-04 17:00:00,SR,6218.17
2026-09-04 17:00:00,WR,6124.97
2026-09-04 18:00:00,SR,10000.0
2026-09-04 18:00:00,WR,5330.34
2026-09-04 19:00:00,SR,7500.12
2026-09-04 19:00:00,WR,5898.37
2026-09-04 20:00:00,SR,6952.34
2026-09-04 20:00:00,WR,6614.38
2026-09-04 21:00:00,SR,6733.65
2026-09-04 21:00:00,WR,6949.82
2026-09-04 22:00:00,SR,5475.63
2026-09-04 22:00:00,WR,5537.35
2026-09-04 23:00:00,SR,4850.25
2026-09-04 23:00:00,WR,4014.99
2026-09-05 00:00:00,SR,3110.1
2026-09-05 00:00:00,WR,3242.19
2026-09-05 01:00:00,SR,3182.61
2026-09-05 01:00:00,WR,3017.75
2026-09-05 02:00:00,SR,3183.05
2026-09-05 02:00:00,WR,2928.77
2026-09-05 03:00:00,SR,3061.02
2026-09-05 03:00:00,WR,2839.6
2026-09-05 04:00:00,SR,3046.91
2026-09-05 04:00:00,WR,2974.06
2026-09-05 05:00:00,SR,3318.08
2026-09-05 05:00:00,WR,3432.68
2026-09-05 06:00:00,SR,3711.38
2026-09-05 06:00:00,WR,3802.35
2026-09-05 07:00:00,SR,5169.47
2026-09-05 07:00:00,WR,4620.15
2026-09-05 08:00:00,SR,5354.28
2026-09-05 08:00:00,WR,5187.99
2026-09-05 09:00:00,SR,5510.42
2026-09-05 09:00:00,WR,5493.18
2026-09-05 10:00:00,SR,4789.53
2026-09-05 10:00:00,WR,4531.78
2026-09-05 11:00:00,SR,4418.98
2026-09-05 11:00:00,WR,4104.88
2026-09-05 12:00:00,SR,3867.07
2026-09-05 12:00:00,WR,3560.17
2026-09-05 13:00:00,SR,4081.41
2026-09-05 13:00:00,WR,3569.2
2026-09-05 14:00:00,SR,3835.14
2026-09-05 14:00:00,WR,3652.97
2026-09-05 15:00:00,SR,4238.8
2026-09-05 15:00:00,WR,3797.06
2026-09-05 16:00:00,SR,4417.27
2026-09-05 16:00:00,WR,4431.82
2026-09-05 17:00:00,SR,4919.94
2026-09-05 17:00:00,WR,5348.54
2026-09-05 18:00:00,SR,5602.68
2026-09-05 18:00:00,WR,5241.76
2026-09-05 19:00:00,SR,5456.45
2026-09-05 19:00:00,WR,5263.22
2026-09-05 20:00:00,SR,6475.02
2026-09-05 20:00:00,WR,5526.8
2026-09-05 21:00:00,SR,6160.1
2026-09-05 21:00:00,WR,5487.54
2026-09-05 22:00:00,SR,4810.26
2026-09-05 22:00:00,WR,4442.46
2026-09-05 23:00:00,SR,3943.8
2026-09-05 23:00:00,WR,3905.81
2026-09-06 00:00:00,SR,3472.79
2026-09-06 00:00:00,WR,2992.76
2026-09-06 01:00:00,SR,3066.01
2026-09-06 01:00:00,WR,3122.63
2026-09-06 02:00:00,SR,2950.39
2026-09-06 02:00:00,WR,2728.56
2026-09-06 03:00:00,SR,2924.29
2026-09-06 03:00:00,WR,2912.64
2026-09-06 04:00:00,SR,3036.14
2026-09-06 04:00:00,WR,2809.39
2026-09-06 05:00:00,SR,3203.02
2026-09-06 05:00:00,WR,3369.27
2026-09-06 06:00:00,SR,3888.48
2026-09-06 06:00:00,WR,4095.46
2026-09-06 07:00:00,SR,4826.94
2026-09-06 07:00:00,WR,4561.24
2026-09-06 08:00:00,SR,5163.68
2026-09-06 08:00:00,WR,5265.56
2026-09-06 09:00:00,SR,5191.21
2026-09-06 09:00:00,WR,4550.19
2026-09-06 10:00:00,SR,4598.51
2026-09-06 10:00:00,WR,4773.49
2026-09-06 11:00:00,SR,4415.98
2026-09-06 11:00:00,WR,4203.86
2026-09-06 12:00:00,SR,4115.62
2026-09-06 12:00:00,WR,3794.56
2026-09-06 13:00:00,SR,3821.98
2026-09-06 13:00:00,WR,3227.31
2026-09-06 14:00:00,SR,3619.66
2026-09-06 14:00:00,WR,3715.99
2026-09-06 15:00:00,SR,4073.45
2026-09-06 15:00:00,WR,4148.08
2026-09-06 16:00:00,SR,4597.47
2026-09-06 16:00:00,WR,4430.03
2026-09-06 17:00:00,SR,5584.5
2026-09-06 17:00:00,WR,4517.02
2026-09-06 18:00:00,SR,5988.14
2026-09-06 18:00:00,WR,4981.72
2026-09-06 19:00:00,SR,6522.25
2026-09-06 19:00:00,WR,5977.31
2026-09-06 20:00:00,SR,6213.27
2026-09-06 20:00:00,WR,6119.3
2026-09-06 21:00:00,SR,6796.25
2026-09-06 21:00:00,WR,5628.8
2026-09-06 22:00:00,SR,4848.69
2026-09-06 22:00:00,WR,4818.45
2026-09-06 23:00:00,SR,3809.86
2026-09-06 23:00:00,WR,3861.32
2026-09-07 00:00:00,SR,3923.79
2026-09-07 00:00:00,WR,3783.18
2026-09-07 01:00:00,SR,3599.85
2026-09-07 01:00:00,WR,3716.59
2026-09-07 02:00:00,SR,3507.0
2026-09-07 02:00:00,WR,3606.91
2026-09-07 03:00:00,SR,3069.13
2026-09-07 03:00:00,WR,3791.84
2026-09-07 04:00:00,SR,3279.61
2026-09-07 04:00:00,WR,3321.91
2026-09-07 05:00:00,SR,3792.89
2026-09-07 05:00:00,WR,3657.32
2026-09-07 06:00:00,SR,4406.51
2026-09-07 06:00:00,WR,3860.81
2026-09-07 07:00:00,SR,5110.15
2026-09-07 07:00:00,WR,5256.58
2026-09-07 08:00:00,SR,5908.41
2026-09-07 08:00:00,WR,6301.55
2026-09-07 09:00:00,SR,6428.4
2026-09-07 09:00:00,WR,6323.78
2026-09-07 10:00:00,SR,6044.03
2026-09-07 10:00:00,WR,5678.75
2026-09-07 11:00:00,SR,4592.2
2026-09-07 11:00:00,WR,5046.29
2026-09-07 12:00:00,SR,4460.61
2026-09-07 12:00:00,WR,4341.22
2026-09-07 13:00:00,SR,4288.91
2026-09-07 13:00:00,WR,4031.11
2026-09-07 14:00:00,SR,4462.41
2026-09-07 14:00:00,WR,4655.26
2026-09-07 15:00:00,SR,4598.61
2026-09-07 15:00:00,WR,4722.68
2026-09-07 16:00:00,SR,5082.42
2026-09-07 16:00:00,WR,5352.59
2026-09-07 17:00:00,SR,6249.75
2026-09-07 17:00:00,WR,4889.31
2026-09-07 18:00:00,SR,5502.59
2026-09-07 18:00:00,WR,5237.82
2026-09-07 19:00:00,SR,6610.61
2026-09-07 19:00:00,WR,6530.8
2026-09-07 20:00:00,SR,6955.81
2026-09-07 20:00:00,WR,6369.81
2026-09-07 21:00:00,SR,6640.61
2026-09-07 21:00:00,WR,10000.0
2026-09-07 22:00:00,SR,5586.64
2026-09-07 22:00:00,WR,5378.7
2026-09-07 23:00:00,SR,4570.23
2026-09-07 23:00:00,WR,4412.89
2026-09-08 00:00:00,SR,3829.43
2026-09-08 00:00:00,WR,3859.72
2026-09-08 01:00:00,SR,3527.01
2026-09-08 01:00:00,WR,3475.19
2026-09-08 02:00:00,SR,3344.3
2026-09-08 02:00:00,WR,3378.91
2026-09-08 03:00:00,SR,3362.59
2026-09-08 03:00:00,WR,3199.3
2026-09-08 04:00:00,SR,3463.75
2026-09-08 04:00:00,WR,3293.09
2026-09-08 05:00:00,SR,3663.9
2026-09-08 05:00:00,WR,3892.78
2026-09-08 06:00:00,SR,4695.31
2026-09-08 06:00:00,WR,4622.46
2026-09-08 07:00:00,SR,5752.73
2026-09-08 07:00:00,WR,5216.36
2026-09-08 08:00:00,SR,6528.64
2026-09-08 08:00:00,WR,5121.48
2026-09-08 09:00:00,SR,6777.55
2026-09-08 09:00:00,WR,6041.32
2026-09-08 10:00:00,SR,5744.61
2026-09-08 10:00:00,WR,5886.51
2026-09-08 11:00:00,SR,5106.26
2026-09-08 11:00:00,WR,4490.9
2026-09-08 12:00:00,SR,4429.77
2026-09-08 12:00:00,WR,4341.29
2026-09-08 13:00:00,SR,4277.99
2026-09-08 13:00:00,WR,4396.21
2026-09-08 14:00:00,SR,4364.83
2026-09-08 14:00:00,WR,4109.49
2026-09-08 15:00:00,SR,4874.43
2026-09-08 15:00:00,WR,4811.92
2026-09-08 16:00:00,SR,5694.06
2026-09-08 16:00:00,WR,5007.46
2026-09-08 17:00:00,SR,5979.31
2026-09-08 17:00:00,WR,5997.62
2026-09-08 18:00:00,SR,5932.05
2026-09-08 18:00:00,WR,5177.16
2026-09-08 19:00:00,SR,7227.92
2026-09-08 19:00:00,WR,6254.52
2026-09-08 20:00:00,SR,7181.59
2026-09-08 20:00:00,WR,6647.01
2026-09-08 21:00:00,SR,6916.74
2026-09-08 21:00:00,WR,6585.18
2026-09-08 22:00:00,SR,5870.36
2026-09-08 22:00:00,WR,5221.69
2026-09-08 23:00:00,SR,4541.89
2026-09-08 23:00:00,WR,4109.31
2026-09-09 00:00:00,SR,3831.17
2026-09-09 00:00:00,WR,3830.26
2026-09-09 01:00:00,SR,3249.57
2026-09-09 01:00:00,WR,3503.4
2026-09-09 02:00:00,SR,3536.88
2026-09-09 02:00:00,WR,3534.26
2026-09-09 03:00:00,SR,3282.41
2026-09-09 03:00:00,WR,3416.95
2026-09-09 04:00:00,SR,3370.8
2026-09-09 04:00:00,WR,3215.79
2026-09-09 05:00:00,SR,3809.63
2026-09-09 05:00:00,WR,3720.72
2026-09-09 06:00:00,SR,4941.62
2026-09-09 06:00:00,WR,4618.72
2026-09-09 07:00:00,SR,5211.44
2026-09-09 07:00:00,WR,5422.76
2026-09-09 08:00:00,SR,6085.15
2026-09-09 08:00:00,WR,5553.92
2026-09-09 09:00:00,SR,6268.77
2026-09-09 09:00:00,WR,6121.04
2026-09-09 10:00:00,SR,6112.0
2026-09-09 10:00:00,WR,5012.08
2026-09-09 11:00:00,SR,5008.17
2026-09-09 11:00:00,WR,4646.63
2026-09-09 12:00:00,SR,4520.27
2026-09-09 12:00:00,WR,4129.17
2026-09-09 13:00:00,SR,4102.16
2026-09-09 13:00:00,WR,4419.25
2026-09-09 14:00:00,SR,4663.71
2026-09-09 14:00:00,WR,3891.79
2026-09-09 15:00:00,SR,4531.32
2026-09-09 15:00:00,WR,4947.25
2026-09-09 16:00:00,SR,5509.56
2026-09-09 16:00:00,WR,4911.58
2026-09-09 17:00:00,SR,5960.41
2026-09-09 17:00:00,WR,4912.67
2026-09-09 18:00:00,SR,6417.12
2026-09-09 18:00:00,WR,5818.1
2026-09-09 19:00:00,SR,6423.71
2026-09-09 19:00:00,WR,6344.83
2026-09-09 20:00:00,SR,7004.39
2026-09-09 20:00:00,WR,7059.97
2026-09-09 21:00:00,SR,7050.49
2026-09-09 21:00:00,WR,6156.98
2026-09-09 22:00:00,SR,6310.78
2026-09-09 22:00:00,WR,5853.2
2026-09-09 23:00:00,SR,4445.87
2026-09-09 23:00:00,WR,4460.81
2026-09-10 00:00:00,SR,3906.41
2026-09-10 00:00:00,WR,3728.29
2026-09-10 01:00:00,SR,3582.07
2026-09-10 01:00:00,WR,3345.74
2026-09-10 02:00:00,SR,3446.87
2026-09-10 02:00:00,WR,3130.15
2026-09-10 03:00:00,SR,3335.69
2026-09-10 03:00:00,WR,3414.18
2026-09-10 04:00:00,SR,3457.64
2026-09-10 04:00:00,WR,3394.29
2026-09-10 05:00:00,SR,3940.75
2026-09-10 05:00:00,WR,3865.42
2026-09-10 06:00:00,SR,4748.61
2026-09-10 06:00:00,WR,4656.26
2026-09-10 07:00:00,SR,5151.72
2026-09-10 07:00:00,WR,5846.97
2026-09-10 08:00:00,SR,5948.05
2026-09-10 08:00:00,WR,5627.25
2026-09-10 09:00:00,SR,6022.94
2026-09-10 09:00:00,WR,6198.24
2026-09-10 10:00:00,SR,5861.85
2026-09-10 10:00:00,WR,5356.13
2026-09-10 11:00:00,SR,4998.38
2026-09-10 11:00:00,WR,4538.32
2026-09-10 12:00:00,SR,4549.95
2026-09-10 12:00:00,WR,4265.18
2026-09-10 13:00:00,SR,4409.95
2026-09-10 13:00:00,WR,3975.8
2026-09-10 14:00:00,SR,3956.9
2026-09-10 14:00:00,WR,3795.12
2026-09-10 15:00:00,SR,4348.6
2026-09-10 15:00:00,WR,4332.18
2026-09-10 16:00:00,SR,5387.79
2026-09-10 16:00:00,WR,4774.14
2026-09-10 17:00:00,SR,6247.64
2026-09-10 17:00:00,WR,5348.58
2026-09-10 18:00:00,SR,6146.44
2026-09-10 18:00:00,WR,6296.08
2026-09-10 19:00:00,SR,6731.73
2026-09-10 19:00:00,WR,6496.49
2026-09-10 20:00:00,SR,7468.55
2026-09-10 20:00:00,WR,6541.64
2026-09-10 21:00:00,SR,7034.11
2026-09-10 21:00:00,WR,6530.15
2026-09-10 22:00:00,SR,5519.07
2026-09-10 22:00:00,WR,5378.5
2026-09-10 23:00:00,SR,4630.19
2026-09-10 23:00:00,WR,4291.11
2026-09-11 00:00:00,SR,3621.61
2026-09-11 00:00:00,WR,3660.22
2026-09-11 01:00:00,SR,3465.85
2026-09-11 01:00:00,WR,3361.87
2026-09-11 02:00:00,SR,3294.52
2026-09-11 02:00:00,WR,3413.01
2026-09-11 03:00:00,SR,3197.31
2026-09-11 03:00:00,WR,3351.03
2026-09-11 04:00:00,SR,3478.81
2026-09-11 04:00:00,WR,3564.1
2026-09-11 05:00:00,SR,3553.21
2026-09-11 05:00:00,WR,3760.63
2026-09-11 06:00:00,SR,4613.51
2026-09-11 06:00:00,WR,4336.04
2026-09-11 07:00:00,SR,5527.56
2026-09-11 07:00:00,WR,4980.29
2026-09-11 08:00:00,SR,6058.68
2026-09-11 08:00:00,WR,6400.76
2026-09-11 09:00:00,SR,6214.84
2026-09-11 09:00:00,WR,5305.79
2026-09-11 10:00:00,SR,10000.0
2026-09-11 10:00:00,WR,5807.57
2026-09-11 11:00:00,SR,5203.76
2026-09-11 11:00:00,WR,4796.91
2026-09-11 12:00:00,SR,4460.12
2026-09-11 12:00:00,WR,4352.43
2026-09-11 13:00:00,SR,4083.78
2026-09-11 13:00:00,WR,4291.58
2026-09-11 14:00:00,SR,4074.03
2026-09-11 14:00:00,WR,4276.01
2026-09-11 15:00:00,SR,4939.87
2026-09-11 15:00:00,WR,4569.0
2026-09-11 16:00:00,SR,6150.82
2026-09-11 16:00:00,WR,5513.37
2026-09-11 17:00:00,SR,6325.64
2026-09-11 17:00:00,WR,5792.4
2026-09-11 18:00:00,SR,6261.41
2026-09-11 18:00:00,WR,5736.9
2026-09-11 19:00:00,SR,6941.1
2026-09-11 19:00:00,WR,6962.79
2026-09-11 20:00:00,SR,6977.77
2026-09-11 20:00:00,WR,6119.1
2026-09-11 21:00:00,SR,6244.75
2026-09-11 21:00:00,WR,6915.69
2026-09-11 22:00:00,SR,5720.07
2026-09-11 22:00:00,WR,5518.94
2026-09-11 23:00:00,SR,4479.34
2026-09-11 23:00:00,WR,3866.94
2026-09-12 00:00:00,SR,3307.79
2026-09-12 00:00:00,WR,7058.16
2026-09-12 01:00:00,SR,3291.17
2026-09-12 01:00:00,WR,3227.75
2026-09-12 02:00:00,SR,3086.92
2026-09-12 02:00:00,WR,3147.9
2026-09-12 03:00:00,SR,3152.44
2026-09-12 03:00:00,WR,2970.36
2026-09-12 04:00:00,SR,3104.92
2026-09-12 04:00:00,WR,2950.94
2026-09-12 05:00:00,SR,3408.86
2026-09-12 05:00:00,WR,3132.24
2026-09-12 06:00:00,SR,4126.73
2026-09-12 06:00:00,WR,3595.31
2026-09-12 07:00:00,SR,4594.36
2026-09-12 07:00:00,WR,4650.29
2026-09-12 08:00:00,SR,5539.38
2026-09-12 08:00:00,WR,5120.66
2026-09-12 09:00:00,SR,5462.33
2026-09-12 09:00:00,WR,5392.75
2026-09-12 10:00:00,SR,5033.3
2026-09-12 10:00:00,WR,4647.17
2026-09-12 11:00:00,SR,4447.54
2026-09-12 11:00:00,WR,4542.04
2026-09-12 12:00:00,SR,3828.02
2026-09-12 12:00:00,WR,3792.43
2026-09-12 13:00:00,SR,3579.4
2026-09-12 13:00:00,WR,3553.05
2026-09-12 14:00:00,SR,3854.73
2026-09-12 14:00:00,WR,3276.15
2026-09-12 15:00:00,SR,4202.69
2026-09-12 15:00:00,WR,3963.43
2026-09-12 16:00:00,SR,4632.41
2026-09-12 16:00:00,WR,4608.62
2026-09-12 17:00:00,SR,5113.55
2026-09-12 17:00:00,WR,5209.46
2026-09-12 18:00:00,SR,4917.16
2026-09-12 18:00:00,WR,5157.79
2026-09-12 19:00:00,SR,5945.61
2026-09-12 19:00:00,WR,6132.08
2026-09-12 20:00:00,SR,6630.53
2026-09-12 20:00:00,WR,5552.1
2026-09-12 21:00:00,SR,6271.53
2026-09-12 21:00:00,WR,5650.19
2026-09-12 22:00:00,SR,5059.65
2026-09-12 22:00:00,WR,4787.91
2026-09-12 23:00:00,SR,3899.18
2026-09-12 23:00:00,WR,3818.36
2026-09-13 00:00:00,SR,2900.3
2026-09-13 00:00:00,WR,3264.28
2026-09-13 01:00:00,SR,3019.18
2026-09-13 01:00:00,WR,3122.87
2026-09-13 02:00:00,SR,3118.82
2026-09-13 02:00:00,WR,2835.76
2026-09-13 03:00:00,SR,2913.39
2026-09-13 03:00:00,WR,3138.28
2026-09-13 04:00:00,SR,3170.08
2026-09-13 04:00:00,WR,3123.52
2026-09-13 05:00:00,SR,3485.19
2026-09-13 05:00:00,WR,3332.94
2026-09-13 06:00:00,SR,3878.15
2026-09-13 06:00:00,WR,4110.36
2026-09-13 07:00:00,SR,4814.68
2026-09-13 07:00:00,WR,4829.65
2026-09-13 08:00:00,SR,5712.05
2026-09-13 08:00:00,WR,5179.03
2026-09-13 09:00:00,SR,5149.07
2026-09-13 09:00:00,WR,5752.98
2026-09-13 10:00:00,SR,5005.94
2026-09-13 10:00:00,WR,4936.86
2026-09-13 11:00:00,SR,4099.38
2026-09-13 11:00:00,WR,3958.67
2026-09-13 12:00:00,SR,3733.57
2026-09-13 12:00:00,WR,3755.99
2026-09-13 13:00:00,SR,4107.98
2026-09-13 13:00:00,WR,3760.79
2026-09-13 14:00:00,SR,3787.04
2026-09-13 14:00:00,WR,3918.61
2026-09-13 15:00:00,SR,3850.11
2026-09-13 15:00:00,WR,4084.76
2026-09-13 16:00:00,SR,4465.06
2026-09-13 16:00:00,WR,4227.79
2026-09-13 17:00:00,SR,4731.4
2026-09-13 17:00:00,WR,4804.37
2026-09-13 18:00:00,SR,5538.42
2026-09-13 18:00:00,WR,4807.28
2026-09-13 19:00:00,SR,6155.45
2026-09-13 19:00:00,WR,5893.86
2026-09-13 20:00:00,SR,6472.18
2026-09-13 20:00:00,WR,5716.61
2026-09-13 21:00:00,SR,10000.0
2026-09-13 21:00:00,WR,5345.19
2026-09-13 22:00:00,SR,4974.31
2026-09-13 22:00:00,WR,4899.59
2026-09-13 23:00:00,SR,4021.07
2026-09-13 23:00:00,WR,4009.73
2026-09-14 00:00:00,SR,4063.05
2026-09-14 00:00:00,WR,3593.87
2026-09-14 01:00:00,SR,3524.19
2026-09-14 01:00:00,WR,3562.39
2026-09-14 02:00:00,SR,3803.32
2026-09-14 02:00:00,WR,3400.62
2026-09-14 03:00:00,SR,3207.2
2026-09-14 03:00:00,WR,3625.9
2026-09-14 04:00:00,SR,3725.48
2026-09-14 04:00:00,WR,3419.93
2026-09-14 05:00:00,SR,3572.06
2026-09-14 05:00:00,WR,3584.02
2026-09-14 06:00:00,SR,4686.44
2026-09-14 06:00:00,WR,4505.52
2026-09-14 07:00:00,SR,5328.83
2026-09-14 07:00:00,WR,5503.07
2026-09-14 08:00:00,SR,5902.02
2026-09-14 08:00:00,WR,5715.48
2026-09-14 09:00:00,SR,7102.27
2026-09-14 09:00:00,WR,5798.35
2026-09-14 10:00:00,SR,6125.04
2026-09-14 10:00:00,WR,5459.42
2026-09-14 11:00:00,SR,5052.58
2026-09-14 11:00:00,WR,4521.91
2026-09-14 12:00:00,SR,3892.96
2026-09-14 12:00:00,WR,4226.21
2026-09-14 13:00:00,SR,3942.55
2026-09-14 13:00:00,WR,4007.02
2026-09-14 14:00:00,SR,4171.81
2026-09-14 14:00:00,WR,4714.29
2026-09-14 15:00:00,SR,4885.12
2026-09-14 15:00:00,WR,4209.84
2026-09-14 16:00:00,SR,5517.09
2026-09-14 16:00:00,WR,4881.34
2026-09-14 17:00:00,SR,5649.51
2026-09-14 17:00:00,WR,5417.93
2026-09-14 18:00:00,SR,6554.42
2026-09-14 18:00:00,WR,5642.6
2026-09-14 19:00:00,SR,7130.05
2026-09-14 19:00:00,WR,6658.13
2026-09-14 20:00:00,SR,6943.81
2026-09-14 20:00:00,WR,6472.73
2026-09-14 21:00:00,SR,6381.4
2026-09-14 21:00:00,WR,5910.09
2026-09-14 22:00:00,SR,5149.8
2026-09-14 22:00:00,WR,5417.59
2026-09-14 23:00:00,SR,4561.38
2026-09-14 23:00:00,WR,8441.81
2026-09-15 00:00:00,SR,3781.98
2026-09-15 00:00:00,WR,3852.55
2026-09-15 01:00:00,SR,3683.23
2026-09-15 01:00:00,WR,3445.97
2026-09-15 02:00:00,SR,3692.32
2026-09-15 02:00:00,WR,3388.79
2026-09-15 03:00:00,SR,3707.55
2026-09-15 03:00:00,WR,3645.58
2026-09-15 04:00:00,SR,3652.04
2026-09-15 04:00:00,WR,3125.76
2026-09-15 05:00:00,SR,3749.11
2026-09-15 05:00:00,WR,4005.45
2026-09-15 06:00:00,SR,4554.2
2026-09-15 06:00:00,WR,4732.26
2026-09-15 07:00:00,SR,5778.92
2026-09-15 07:00:00,WR,4808.05
2026-09-15 08:00:00,SR,5880.75
2026-09-15 08:00:00,WR,5274.03
2026-09-15 09:00:00,SR,6148.6
2026-09-15 09:00:00,WR,6362.43
2026-09-15 10:00:00,SR,6096.9
2026-09-15 10:00:00,WR,5136.74
2026-09-15 11:00:00,SR,5547.96
2026-09-15 11:00:00,WR,4737.8
2026-09-15 12:00:00,SR,4715.95
2026-09-15 12:00:00,WR,4561.08
2026-09-15 13:00:00,SR,4511.02
2026-09-15 13:00:00,WR,4217.79
2026-09-15 14:00:00,SR,4429.48
2026-09-15 14:00:00,WR,4296.71
2026-09-15 15:00:00,SR,4695.01
2026-09-15 15:00:00,WR,4854.36
2026-09-15 16:00:00,SR,5586.14
2026-09-15 16:00:00,WR,5308.68
2026-09-15 17:00:00,SR,6375.63
2026-09-15 17:00:00,WR,5644.71
2026-09-15 18:00:00,SR,6210.31
2026-09-15 18:00:00,WR,6047.47
2026-09-15 19:00:00,SR,10000.0
2026-09-15 19:00:00,WR,6615.27
2026-09-15 20:00:00,SR,7724.42
2026-09-15 20:00:00,WR,6695.79
2026-09-15 21:00:00,SR,6714.32
2026-09-15 21:00:00,WR,6345.98
2026-09-15 22:00:00,SR,5187.07
2026-09-15 22:00:00,WR,5351.72
2026-09-15 23:00:00,SR,10000.0
2026-09-15 23:00:00,WR,4287.36
2026-09-16 00:00:00,SR,3529.24
2026-09-16 00:00:00,WR,3920.47
2026-09-16 01:00:00,SR,3933.79
2026-09-16 01:00:00,WR,3561.67
2026-09-16 02:00:00,SR,3502.91
2026-09-16 02:00:00,WR,3134.87
2026-09-16 03:00:00,SR,3354.84
2026-09-16 03:00:00,WR,3284.51
2026-09-16 04:00:00,SR,3518.18
2026-09-16 04:00:00,WR,3277.28
2026-09-16 05:00:00,SR,3529.19
2026-09-16 05:00:00,WR,4123.45
2026-09-16 06:00:00,SR,4331.15
2026-09-16 06:00:00,WR,4247.56
2026-09-16 07:00:00,SR,5531.39
2026-09-16 07:00:00,WR,5646.85
2026-09-16 08:00:00,SR,5349.25
2026-09-16 08:00:00,WR,5778.92
2026-09-16 09:00:00,SR,6625.67
2026-09-16 09:00:00,WR,5699.99
2026-09-16 10:00:00,SR,5145.59
2026-09-16 10:00:00,WR,6167.17
2026-09-16 11:00:00,SR,5422.88
2026-09-16 11:00:00,WR,4553.72
2026-09-16 12:00:00,SR,4416.93
2026-09-16 12:00:00,WR,4088.83
2026-09-16 13:00:00,SR,4516.46
2026-09-16 13:00:00,WR,4329.06
2026-09-16 14:00:00,SR,4533.72
2026-09-16 14:00:00,WR,4437.73
2026-09-16 15:00:00,SR,5353.89
2026-09-16 15:00:00,WR,4619.65
2026-09-16 16:00:00,SR,5516.28
2026-09-16 16:00:00,WR,4831.58
2026-09-16 17:00:00,SR,6277.96
2026-09-16 17:00:00,WR,5480.17
2026-09-16 18:00:00,SR,6156.33
2026-09-16 18:00:00,WR,5967.24
2026-09-16 19:00:00,SR,6404.02
2026-09-16 19:00:00,WR,6131.37
2026-09-16 20:00:00,SR,7497.13
2026-09-16 20:00:00,WR,6829.41
2026-09-16 21:00:00,SR,6253.92
2026-09-16 21:00:00,WR,6652.72
2026-09-16 22:00:00,SR,6039.17
2026-09-16 22:00:00,WR,4957.95
2026-09-16 23:00:00,SR,4253.48
2026-09-16 23:00:00,WR,4455.86
2026-09-17 00:00:00,SR,3833.97
2026-09-17 00:00:00,WR,3600.29
2026-09-17 01:00:00,SR,3911.1
2026-09-17 01:00:00,WR,3843.06
2026-09-17 02:00:00,SR,3590.51
2026-09-17 02:00:00,WR,3567.5
2026-09-17 03:00:00,SR,3388.43
2026-09-17 03:00:00,WR,3483.83
2026-09-17 04:00:00,SR,3550.51
2026-09-17 04:00:00,WR,3407.14
2026-09-17 05:00:00,SR,3733.03
2026-09-17 05:00:00,WR,4276.6
2026-09-17 06:00:00,SR,5132.16
2026-09-17 06:00:00,WR,4410.22
2026-09-17 07:00:00,SR,5318.81
2026-09-17 07:00:00,WR,4939.05
2026-09-17 08:00:00,SR,6100.92
2026-09-17 08:00:00,WR,5599.47
2026-09-17 09:00:00,SR,6569.65
2026-09-17 09:00:00,WR,6306.28
2026-09-17 10:00:00,SR,5982.45
2026-09-17 10:00:00,WR,5522.38
2026-09-17 11:00:00,SR,5231.16
2026-09-17 11:00:00,WR,4746.86
2026-09-17 12:00:00,SR,4384.5
2026-09-17 12:00:00,WR,4173.59
2026-09-17 13:00:00,SR,4290.02
2026-09-17 13:00:00,WR,4099.95
2026-09-17 14:00:00,SR,4651.2
2026-09-17 14:00:00,WR,4111.52
2026-09-17 15:00:00,SR,5119.03
2026-09-17 15:00:00,WR,4819.63
2026-09-17 16:00:00,SR,5520.85
2026-09-17 16:00:00,WR,5038.1
2026-09-17 17:00:00,SR,6323.85
2026-09-17 17:00:00,WR,5414.55
2026-09-17 18:00:00,SR,6643.02
2026-09-17 18:00:00,WR,6226.04
2026-09-17 19:00:00,SR,7240.54
2026-09-17 19:00:00,WR,6206.56
2026-09-17 20:00:00,SR,6582.37
2026-09-17 20:00:00,WR,6759.84
2026-09-17 21:00:00,SR,6922.88
2026-09-17 21:00:00,WR,5768.73
2026-09-17 22:00:00,SR,5879.33
2026-09-17 22:00:00,WR,5026.86
2026-09-17 23:00:00,SR,4830.02
2026-09-17 23:00:00,WR,4191.75
2026-09-18 00:00:00,SR,3243.13
2026-09-18 00:00:00,WR,6951.07
2026-09-18 01:00:00,SR,3551.72
2026-09-18 01:00:00,WR,3277.6
2026-09-18 02:00:00,SR,3495.26
2026-09-18 02:00:00,WR,3567.37
2026-09-18 03:00:00,SR,3241.5
2026-09-18 03:00:00,WR,3127.77
2026-09-18 04:00:00,SR,3319.58
2026-09-18 04:00:00,WR,3554.15
2026-09-18 05:00:00,SR,4120.44
2026-09-18 05:00:00,WR,3783.48
2026-09-18 06:00:00,SR,4710.81
2026-09-18 06:00:00,WR,4934.63
2026-09-18 07:00:00,SR,6039.77
2026-09-18 07:00:00,WR,4772.81
2026-09-18 08:00:00,SR,6083.18
2026-09-18 08:00:00,WR,5530.2
2026-09-18 09:00:00,SR,5944.21
2026-09-18 09:00:00,WR,6282.61
2026-09-18 10:00:00,SR,5788.09
2026-09-18 10:00:00,WR,5636.39
2026-09-18 11:00:00,SR,4990.23
2026-09-18 11:00:00,WR,4896.06
2026-09-18 12:00:00,SR,4658.45
2026-09-18 12:00:00,WR,4528.47
2026-09-18 13:00:00,SR,4490.31
2026-09-18 13:00:00,WR,4090.91
2026-09-18 14:00:00,SR,4565.13
2026-09-18 14:00:00,WR,4346.34
2026-09-18 15:00:00,SR,5458.91
2026-09-18 15:00:00,WR,4510.75
2026-09-18 16:00:00,SR,5764.86
2026-09-18 16:00:00,WR,4962.82
2026-09-18 17:00:00,SR,5681.7
2026-09-18 17:00:00,WR,5819.04
2026-09-18 18:00:00,SR,6659.6
2026-09-18 18:00:00,WR,5896.65
2026-09-18 19:00:00,SR,6967.51
2026-09-18 19:00:00,WR,6979.06
2026-09-18 20:00:00,SR,7087.41
2026-09-18 20:00:00,WR,6452.06
2026-09-18 21:00:00,SR,7280.98
2026-09-18 21:00:00,WR,6365.29
2026-09-18 22:00:00,SR,5566.45
2026-09-18 22:00:00,WR,5310.76
2026-09-18 23:00:00,SR,4709.43
2026-09-18 23:00:00,WR,3959.12
