timestamp,market_zone,solar_mw,wind_mw
2026-08-20 00:00:00,SR,0.0,84.26
2026-08-20 00:00:00,WR,0.0,148.56
2026-08-20 01:00:00,SR,0.0,60.84
2026-08-20 01:00:00,WR,0.0,83.04
2026-08-20 02:00:00,SR,0.0,95.71
2026-08-20 02:00:00,WR,0.0,145.02
2026-08-20 03:00:00,SR,0.0,84.9
2026-08-20 03:00:00,WR,0.0,91.93
2026-08-20 04:00:00,SR,0.0,44.3
2026-08-20 04:00:00,WR,0.0,135.49
2026-08-20 05:00:00,SR,0.0,81.63
2026-08-20 05:00:00,WR,0.0,48.94
2026-08-20 06:00:00,SR,0.0,92.52
2026-08-20 06:00:00,WR,0.0,97.28
2026-08-20 07:00:00,SR,59.19,56.27
2026-08-20 07:00:00,WR,43.15,63.81
2026-08-20 08:00:00,SR,88.3,48.19
2026-08-20 08:00:00,WR,83.66,81.34
2026-08-20 09:00:00,SR,117.74,126.1
2026-08-20 09:00:00,WR,154.31,162.94
2026-08-20 10:00:00,SR,168.91,108.06
2026-08-20 10:00:00,WR,184.26,106.6
2026-08-20 11:00:00,SR,181.37,52.28
2026-08-20 11:00:00,WR,181.56,145.95
2026-08-20 12:00:00,SR,221.47,56.56
2026-08-20 12:00:00,WR,233.09,71.03
2026-08-20 13:00:00,SR,263.48,123.06
2026-08-20 13:00:00,WR,236.42,85.32
2026-08-20 14:00:00,SR,245.23,38.63
2026-08-20 14:00:00,WR,197.03,165.35
2026-08-20 15:00:00,SR,190.81,38.03
2026-08-20 15:00:00,WR,153.2,52.62
2026-08-20 16:00:00,SR,144.15,76.88
2026-08-20 16:00:00,WR,101.72,46.63
2026-08-20 17:00:00,SR,54.46,38.99
2026-08-20 17:00:00,WR,58.57,69.38
2026-08-20 18:00:00,SR,0.0,48.53
2026-08-20 18:00:00,WR,0.0,157.41
2026-08-20 19:00:00,SR,0.0,118.47
2026-08-20 19:00:00,WR,0.0,55.34
2026-08-20 20:00:00,SR,0.0,106.21
2026-08-20 20:00:00,WR,0.0,85.0
2026-08-20 21:00:00,SR,0.0,124.33
2026-08-20 21:00:00,WR,0.0,120.6
2026-08-20 22:00:00,SR,0.0,33.08
2026-08-20 22:00:00,WR,0.0,88.75
2026-08-20 23:00:00,SR,0.0,84.68
2026-08-20 23:00:00,WR,0.0,54.47
2026-08-21 00:00:00,SR,0.0,49.5
2026-08-21 00:00:00,WR,0.0,34.07
2026-08-21 01:00:00,SR,0.0,79.51
2026-08-21 01:00:00,WR,0.0,86.92
2026-08-21 02:00:00,SR,0.0,56.15
2026-08-21 02:00:00,WR,0.0,120.89
2026-08-21 03:00:00,SR,0.0,52.26
2026-08-21 03:00:00,WR,0.0,110.36
2026-08-21 04:00:00,SR,0.0,82.75
2026-08-21 04:00:00,WR,0.0,51.87
2026-08-21 05:00:00,SR,0.0,41.75
2026-08-21 05:00:00,WR,0.0,93.1
2026-08-21 06:00:00,SR,0.0,90.84
2026-08-21 06:00:00,WR,0.0,68.39
2026-08-21 07:00:00,SR,47.18,120.21
2026-08-21 07:00:00,WR,56.82,73.35
2026-08-21 08:00:00,SR,116.64,108.55
2026-08-21 08:00:00,WR,99.13,159.25
2026-08-21 09:00:00,SR,179.09,97.05
2026-08-21 09:00:00,WR,140.13,116.38
2026-08-21 10:00:00,SR,226.62,114.39
2026-08-21 10:00:00,WR,126.21,54.94
2026-08-21 11:00:00,SR,239.39,51.71
2026-08-21 11:00:00,WR,143.78,137.07
2026-08-21 12:00:00,SR,178.43,86.16
2026-08-21 12:00:00,WR,231.54,56.1
2026-08-21 13:00:00,SR,168.03,47.84
2026-08-21 13:00:00,WR,156.64,75.25
2026-08-21 14:00:00,SR,149.99,80.13
2026-08-21 14:00:00,WR,176.67,117.05
2026-08-21 15:00:00,SR,131.98,86.59
2026-08-21 15:00:00,WR,151.86,156.73
2026-08-21 16:00:00,SR,135.88,108.8
2026-08-21 16:00:00,WR,85.35,122.23
2026-08-21 17:00:00,SR,53.52,80.14
2026-08-21 17:00:00,WR,51.89,72.82
2026-08-21 18:00:00,SR,0.0,72.15
2026-08-21 18:00:00,WR,0.0,43.37
2026-08-21 19:00:00,SR,0.0,91.29
2026-08-21 19:00:00,WR,0.0,129.68
2026-08-21 20:00:00,SR,0.0,44.56
2026-08-21 20:00:00,WR,0.0,131.9
2026-08-21 21:00:00,SR,0.0,125.32
2026-08-21 21:00:00,WR,0.0,158.15
2026-08-21 22:00:00,SR,0.0,32.8
2026-08-21 22:00:00,WR,0.0,102.6
2026-08-21 23:00:00,SR,0.0,109.57
2026-08-21 23:00:00,WR,0.0,75.03
2026-08-22 00:00:00,SR,0.0,84.88
2026-08-22 00:00:00,WR,0.0,145.88
2026-08-22 01:00:00,SR,0.0,48.21
2026-08-22 01:00:00,WR,0.0,137.91
2026-08-22 02:00:00,SR,0.0,100.8
2026-08-22 02:00:00,WR,0.0,100.04
2026-08-22 03:00:00,SR,0.0,31.37
2026-08-22 03:00:00,WR,0.0,137.5
2026-08-22 04:00:00,SR,0.0,103.81
2026-08-22 04:00:00,WR,0.0,67.5
2026-08-22 05:00:00,SR,0.0,84.45
2026-08-22 05:00:00,WR,0.0,112.53
2026-08-22 06:00:00,SR,0.0,30.85
2026-08-22 06:00:00,WR,0.0,74.52
2026-08-22 07:00:00,SR,68.94,53.26
2026-08-22 07:00:00,WR,49.67,163.15
2026-08-22 08:00:00,SR,142.53,102.52
2026-08-22 08:00:00,WR,113.65,154.19
2026-08-22 09:00:00,SR,183.32,51.75
2026-08-22 09:00:00,WR,127.87,169.51
2026-08-22 10:00:00,SR,225.78,122.06
2026-08-22 10:00:00,WR,133.94,102.63
2026-08-22 11:00:00,SR,171.32,56.75
2026-08-22 11:00:00,WR,184.9,141.78
2026-08-22 12:00:00,SR,196.68,63.79
2026-08-22 12:00:00,WR,239.72,132.36
2026-08-22 13:00:00,SR,256.18,72.3
2026-08-22 13:00:00,WR,200.93,89.84
2026-08-22 14:00:00,SR,209.62,55.49
2026-08-22 14:00:00,WR,168.8,101.3
2026-08-22 15:00:00,SR,130.16,50.53
2026-08-22 15:00:00,WR,98.85,100.43
2026-08-22 16:00:00,SR,140.53,85.75
2026-08-22 16:00:00,WR,116.9,129.3
2026-08-22 17:00:00,SR,55.91,105.44
2026-08-22 17:00:00,WR,58.76,84.67
2026-08-22 18:00:00,SR,0.0,49.16
2026-08-22 18:00:00,WR,0.0,34.69
2026-08-22 19:00:00,SR,0.0,46.66
2026-08-22 19:00:00,WR,0.0,83.62
2026-08-22 20:00:00,SR,0.0,125.96
2026-08-22 20:00:00,WR,0.0,96.42
2026-08-22 21:00:00,SR,0.0,96.64
2026-08-22 21:00:00,WR,0.0,65.73
2026-08-22 22:00:00,SR,0.0,87.37
2026-08-22 22:00:00,WR,0.0,34.37
2026-08-22 23:00:00,SR,0.0,23.02
2026-08-22 23:00:00,WR,0.0,126.66
2026-08-23 00:00:00,SR,0.0,41.85
2026-08-23 00:00:00,WR,0.0,90.91
2026-08-23 01:00:00,SR,0.0,89.23
2026-08-23 01:00:00,WR,0.0,88.19
2026-08-23 02:00:00,SR,0.0,62.37
2026-08-23 02:00:00,WR,0.0,65.0
2026-08-23 03:00:00,SR,0.0,119.55
2026-08-23 03:00:00,WR,0.0,105.3
2026-08-23 04:00:00,SR,0.0,102.8
2026-08-23 04:00:00,WR,0.0,91.32
2026-08-23 05:00:00,SR,0.0,69.48
2026-08-23 05:00:00,WR,0.0,96.36
2026-08-23 06:00:00,SR,0.0,124.92
2026-08-23 06:00:00,WR,0.0,30.89
2026-08-23 07:00:00,SR,58.81,89.97
2026-08-23 07:00:00,WR,62.02,39.95
2026-08-23 08:00:00,SR,144.51,48.61
2026-08-23 08:00:00,WR,94.11,59.03
2026-08-23 09:00:00,SR,201.3,32.74
2026-08-23 09:00:00,WR,138.89,69.23
2026-08-23 10:00:00,SR,218.71,104.7
2026-08-23 10:00:00,WR,202.87,85.49
2026-08-23 11:00:00,SR,239.52,74.53
2026-08-23 11:00:00,WR,202.23,64.84
2026-08-23 12:00:00,SR,248.34,38.42
2026-08-23 12:00:00,WR,139.68,86.58
2026-08-23 13:00:00,SR,187.49,50.84
2026-08-23 13:00:00,WR,191.11,94.34
2026-08-23 14:00:00,SR,212.78,68.9
2026-08-23 14:00:00,WR,212.81,128.96
2026-08-23 15:00:00,SR,140.01,115.19
2026-08-23 15:00:00,WR,176.43,71.31
2026-08-23 16:00:00,SR,107.74,69.33
2026-08-23 16:00:00,WR,113.13,107.78
2026-08-23 17:00:00,SR,57.02,41.6
2026-08-23 17:00:00,WR,53.4,168.02
2026-08-23 18:00:00,SR,0.0,69.59
2026-08-23 18:00:00,WR,0.0,155.83
2026-08-23 19:00:00,SR,0.0,24.21
2026-08-23 19:00:00,WR,0.0,131.61
2026-08-23 20:00:00,SR,0.0,123.72
2026-08-23 20:00:00,WR,0.0,47.83
2026-08-23 21:00:00,SR,0.0,108.16
2026-08-23 21:00:00,WR,0.0,127.92
2026-08-23 22:00:00,SR,0.0,98.47
2026-08-23 22:00:00,WR,0.0,97.8
2026-08-23 23:00:00,SR,0.0,113.75
2026-08-23 23:00:00,WR,0.0,158.63
2026-08-24 00:00:00,SR,0.0,117.71
2026-08-24 00:00:00,WR,0.0,142.96
2026-08-24 01:00:00,SR,0.0,57.94
2026-08-24 01:00:00,WR,0.0,44.58
2026-08-24 02:00:00,SR,0.0,86.65
2026-08-24 02:00:00,WR,0.0,48.75
2026-08-24 03:00:00,SR,0.0,86.42
2026-08-24 03:00:00,WR,0.0,39.75
2026-08-24 04:00:00,SR,0.0,50.57
2026-08-24 04:00:00,WR,0.0,99.05
2026-08-24 05:00:00,SR,0.0,45.8
2026-08-24 05:00:00,WR,0.0,41.31
2026-08-24 06:00:00,SR,0.0,91.73
2026-08-24 06:00:00,WR,0.0,107.33
2026-08-24 07:00:00,SR,69.99,102.4
2026-08-24 07:00:00,WR,59.93,69.17
2026-08-24 08:00:00,SR,103.85,44.05
2026-08-24 08:00:00,WR,97.95,46.45
2026-08-24 09:00:00,SR,159.97,79.92
2026-08-24 09:00:00,WR,167.6,54.5
2026-08-24 10:00:00,SR,250.35,114.36
2026-08-24 10:00:00,WR,129.05,58.71
2026-08-24 11:00:00,SR,278.83,111.78
2026-08-24 11:00:00,WR,220.43,44.81
2026-08-24 12:00:00,SR,295.22,71.38
2026-08-24 12:00:00,WR,206.62,134.47
2026-08-24 13:00:00,SR,165.57,31.27
2026-08-24 13:00:00,WR,214.43,56.61
2026-08-24 14:00:00,SR,188.52,49.56
2026-08-24 14:00:00,WR,125.08,92.83
2026-08-24 15:00:00,SR,132.9,122.59
2026-08-24 15:00:00,WR,113.33,127.9
2026-08-24 16:00:00,SR,95.69,123.23
2026-08-24 16:00:00,WR,88.81,92.91
2026-08-24 17:00:00,SR,69.29,89.8
2026-08-24 17:00:00,WR,38.89,109.46
2026-08-24 18:00:00,SR,0.0,57.3
2026-08-24 18:00:00,WR,0.0,125.06
2026-08-24 19:00:00,SR,0.0,90.37
2026-08-24 19:00:00,WR,0.0,39.96
2026-08-24 20:00:00,SR,0.0,42.1
2026-08-24 20:00:00,WR,0.0,166.63
2026-08-24 21:00:00,SR,0.0,120.96
2026-08-24 21:00:00,WR,0.0,125.83
2026-08-24 22:00:00,SR,0.0,54.19
2026-08-24 22:00:00,WR,0.0,55.44
2026-08-24 23:00:00,SR,0.0,49.29
2026-08-24 23:00:00,WR,0.0,31.97
2026-08-25 00:00:00,SR,0.0,97.17
2026-08-25 00:00:00,WR,0.0,76.82
2026-08-25 01:00:00,SR,0.0,91.43
2026-08-25 01:00:00,WR,0.0,51.39
2026-08-25 02:00:00,SR,0.0,69.89
2026-08-25 02:00:00,WR,0.0,60.58
2026-08-25 03:00:00,SR,0.0,88.91
2026-08-25 03:00:00,WR,0.0,152.19
2026-08-25 04:00:00,SR,0.0,39.25
2026-08-25 04:00:00,WR,0.0,114.45
2026-08-25 05:00:00,SR,0.0,93.2
2026-08-25 05:00:00,WR,0.0,54.7
2026-08-25 06:00:00,SR,0.0,51.15
2026-08-25 06:00:00,WR,0.0,65.81
2026-08-25 07:00:00,SR,48.37,57.4
2026-08-25 07:00:00,WR,64.01,34.59
2026-08-25 08:00:00,SR,104.86,70.19
2026-08-25 08:00:00,WR,109.94,138.22
2026-08-25 09:00:00,SR,134.85,42.77
2026-08-25 09:00:00,WR,102.57,54.06
2026-08-25 10:00:00,SR,206.23,36.03
2026-08-25 10:00:00,WR,156.52,151.54
2026-08-25 11:00:00,SR,249.21,121.61
2026-08-25 11:00:00,WR,191.17,121.74
2026-08-25 12:00:00,SR,222.62,117.12
2026-08-25 12:00:00,WR,225.59,145.94
2026-08-25 13:00:00,SR,172.2,27.01
2026-08-25 13:00:00,WR,184.57,101.23
2026-08-25 14:00:00,SR,227.23,102.41
2026-08-25 14:00:00,WR,189.03,66.87
2026-08-25 15:00:00,SR,197.15,28.47
2026-08-25 15:00:00,WR,165.2,32.91
2026-08-25 16:00:00,SR,134.94,62.04
2026-08-25 16:00:00,WR,79.76,142.03
2026-08-25 17:00:00,SR,53.3,40.67
2026-08-25 17:00:00,WR,45.49,50.98
2026-08-25 18:00:00,SR,0.0,29.18
2026-08-25 18:00:00,WR,0.0,104.31
2026-08-25 19:00:00,SR,0.0,109.34
2026-08-25 19:00:00,WR,0.0,148.47
2026-08-25 20:00:00,SR,0.0,89.65
2026-08-25 20:00:00,WR,0.0,39.89
2026-08-25 21:00:00,SR,0.0,99.68
2026-08-25 21:00:00,WR,0.0,34.27
2026-08-25 22:00:00,SR,0.0,97.23
2026-08-25 22:00:00,WR,0.0,95.12
2026-08-25 23:00:00,SR,0.0,112.64
2026-08-25 23:00:00,WR,0.0,163.87
2026-08-26 00:00:00,SR,0.0,41.8
2026-08-26 00:00:00,WR,0.0,69.06
2026-08-26 01:00:00,SR,0.0,22.59
2026-08-26 01:00:00,WR,0.0,164.28
2026-08-26 02:00:00,SR,0.0,85.35
2026-08-26 02:00:00,WR,0.0,154.28
2026-08-26 03:00:00,SR,0.0,59.66
2026-08-26 03:00:00,WR,0.0,69.64
2026-08-26 04:00:00,SR,0.0,35.5
2026-08-26 04:00:00,WR,0.0,144.37
2026-08-26 05:00:00,SR,0.0,42.04
2026-08-26 05:00:00,WR,0.0,126.02
2026-08-26 06:00:00,SR,0.0,29.87
2026-08-26 06:00:00,WR,0.0,89.21
2026-08-26 07:00:00,SR,44.69,118.68
2026-08-26 07:00:00,WR,59.33,141.03
2026-08-26 08:00:00,SR,103.57,125.63
2026-08-26 08:00:00,WR,111.33,169.76
2026-08-26 09:00:00,SR,208.73,37.47
2026-08-26 09:00:00,WR,135.29,142.97
2026-08-26 10:00:00,SR,226.48,85.58
2026-08-26 10:00:00,WR,203.11,59.62
2026-08-26 11:00:00,SR,249.44,32.6
2026-08-26 11:00:00,WR,137.39,86.66
2026-08-26 12:00:00,SR,190.46,30.55
2026-08-26 12:00:00,WR,233.88,70.47
2026-08-26 13:00:00,SR,238.16,126.09
2026-08-26 13:00:00,WR,208.88,31.03
2026-08-26 14:00:00,SR,221.46,97.13
2026-08-26 14:00:00,WR,153.7,116.17
2026-08-26 15:00:00,SR,210.66,93.69
2026-08-26 15:00:00,WR,107.55,155.52
2026-08-26 16:00:00,SR,85.21,113.54
2026-08-26 16:00:00,WR,77.54,157.37
2026-08-26 17:00:00,SR,55.45,22.96
2026-08-26 17:00:00,WR,41.89,169.2
2026-08-26 18:00:00,SR,0.0,120.89
2026-08-26 18:00:00,WR,0.0,41.81
2026-08-26 19:00:00,SR,0.0,49.52
2026-08-26 19:00:00,WR,0.0,39.14
2026-08-26 20:00:00,SR,0.0,74.11
2026-08-26 20:00:00,WR,0.0,40.49
2026-08-26 21:00:00,SR,0.0,40.75
2026-08-26 21:00:00,WR,0.0,112.58
2026-08-26 22:00:00,SR,0.0,28.56
2026-08-26 22:00:00,WR,0.0,143.34
2026-08-26 23:00:00,SR,0.0,30.96
2026-08-26 23:00:00,WR,0.0,86.41
2026-08-27 00:00:00,SR,0.0,98.84
2026-08-27 00:00:00,WR,0.0,92.28
2026-08-27 01:00:00,SR,0.0,113.23
2026-08-27 01:00:00,WR,0.0,112.5
2026-08-27 02:00:00,SR,0.0,37.55
2026-08-27 02:00:00,WR,0.0,104.63
2026-08-27 03:00:00,SR,0.0,52.77
2026-08-27 03:00:00,WR,0.0,126.33
2026-08-27 04:00:00,SR,0.0,42.98
2026-08-27 04:00:00,WR,0.0,96.05
2026-08-27 05:00:00,SR,0.0,25.32
2026-08-27 05:00:00,WR,0.0,129.94
2026-08-27 06:00:00,SR,0.0,95.99
2026-08-27 06:00:00,WR,0.0,79.04
2026-08-27 07:00:00,SR,65.34,63.25
2026-08-27 07:00:00,WR,35.94,47.59
2026-08-27 08:00:00,SR,119.96,32.38
2026-08-27 08:00:00,WR,99.89,78.2
2026-08-27 09:00:00,SR,131.4,120.34
2026-08-27 09:00:00,WR,172.0,117.84
2026-08-27 10:00:00,SR,231.92,119.39
2026-08-27 10:00:00,WR,169.78,141.73
2026-08-27 11:00:00,SR,278.91,90.69
2026-08-27 11:00:00,WR,160.91,144.76
2026-08-27 12:00:00,SR,290.31,66.25
2026-08-27 12:00:00,WR,137.84,116.75
2026-08-27 13:00:00,SR,159.85,29.07
2026-08-27 13:00:00,WR,234.39,140.3
2026-08-27 14:00:00,SR,155.69,32.51
2026-08-27 14:00:00,WR,202.25,85.57
2026-08-27 15:00:00,SR,150.25,96.13
2026-08-27 15:00:00,WR,162.79,107.12
2026-08-27 16:00:00,SR,135.87,84.47
2026-08-27 16:00:00,WR,103.54,38.25
2026-08-27 17:00:00,SR,47.82,101.03
2026-08-27 17:00:00,WR,41.46,107.14
2026-08-27 18:00:00,SR,0.0,23.86
2026-08-27 18:00:00,WR,0.0,133.8
2026-08-27 19:00:00,SR,0.0,51.96
2026-08-27 19:00:00,WR,0.0,147.61
2026-08-27 20:00:00,SR,0.0,57.21
2026-08-27 20:00:00,WR,0.0,158.85
2026-08-27 21:00:00,SR,0.0,51.3
2026-08-27 21:00:00,WR,0.0,44.25
2026-08-27 22:00:00,SR,0.0,107.75
2026-08-27 22:00:00,WR,0.0,161.56
2026-08-27 23:00:00,SR,0.0,102.29
2026-08-27 23:00:00,WR,0.0,39.47
2026-08-28 00:00:00,SR,0.0,95.53
2026-08-28 00:00:00,WR,0.0,96.37
2026-08-28 01:00:00,SR,0.0,37.1
2026-08-28 01:00:00,WR,0.0,147.64
2026-08-28 02:00:00,SR,0.0,107.32
2026-08-28 02:00:00,WR,0.0,39.84
2026-08-28 03:00:00,SR,0.0,93.6
2026-08-28 03:00:00,WR,0.0,32.55
2026-08-28 04:00:00,SR,0.0,42.96
2026-08-28 04:00:00,WR,0.0,33.49
2026-08-28 05:00:00,SR,0.0,90.55
2026-08-28 05:00:00,WR,0.0,101.58
2026-08-28 06:00:00,SR,0.0,68.63
2026-08-28 06:00:00,WR,0.0,47.84
2026-08-28 07:00:00,SR,46.62,76.92
2026-08-28 07:00:00,WR,39.22,109.6
2026-08-28 08:00:00,SR,89.25,39.75
2026-08-28 08:00:00,WR,81.93,132.23
2026-08-28 09:00:00,SR,129.33,122.68
2026-08-28 09:00:00,WR,172.77,137.24
2026-08-28 10:00:00,SR,176.2,59.8
2026-08-28 10:00:00,WR,204.54,102.74
2026-08-28 11:00:00,SR,201.38,116.82
2026-08-28 11:00:00,WR,223.26,55.61
2026-08-28 12:00:00,SR,241.0,119.01
2026-08-28 12:00:00,WR,145.19,121.83
2026-08-28 13:00:00,SR,198.49,34.56
2026-08-28 13:00:00,WR,138.46,154.95
2026-08-28 14:00:00,SR,207.92,58.78
2026-08-28 14:00:00,WR,186.46,163.31
2026-08-28 15:00:00,SR,193.22,114.84
2026-08-28 15:00:00,WR,122.2,98.06
2026-08-28 16:00:00,SR,114.4,124.49
2026-08-28 16:00:00,WR,110.47,63.99
2026-08-28 17:00:00,SR,62.03,50.95
2026-08-28 17:00:00,WR,51.36,122.33
2026-08-28 18:00:00,SR,0.0,26.42
2026-08-28 18:00:00,WR,0.0,134.26
2026-08-28 19:00:00,SR,0.0,106.92
2026-08-28 19:00:00,WR,0.0,46.54
2026-08-28 20:00:00,SR,0.0,33.15
2026-08-28 20:00:00,WR,0.0,96.55
2026-08-28 21:00:00,SR,0.0,54.92
2026-08-28 21:00:00,WR,0.0,112.43
2026-08-28 22:00:00,SR,0.0,81.86
2026-08-28 22:00:00,WR,0.0,50.53
2026-08-28 23:00:00,SR,0.0,27.01
2026-08-28 23:00:00,WR,0.0,90.48
2026-08-29 00:00:00,SR,0.0,30.83
2026-08-29 00:00:00,WR,0.0,69.76
2026-08-29 01:00:00,SR,0.0,95.59
2026-08-29 01:00:00,WR,0.0,46.64
2026-08-29 02:00:00,SR,0.0,30.04
2026-08-29 02:00:00,WR,0.0,101.69
2026-08-29 03:00:00,SR,0.0,72.59
2026-08-29 03:00:00,WR,0.0,53.19
2026-08-29 04:00:00,SR,0.0,58.06
2026-08-29 04:00:00,WR,0.0,112.68
2026-08-29 05:00:00,SR,0.0,46.45
2026-08-29 05:00:00,WR,0.0,53.76
2026-08-29 06:00:00,SR,0.0,102.66
2026-08-29 06:00:00,WR,0.0,57.33
2026-08-29 07:00:00,SR,75.95,37.22
2026-08-29 07:00:00,WR,61.68,33.67
2026-08-29 08:00:00,SR,147.28,84.95
2026-08-29 08:00:00,WR,98.11,74.81
2026-08-29 09:00:00,SR,177.93,97.04
2026-08-29 09:00:00,WR,115.13,96.02
2026-08-29 10:00:00,SR,225.22,108.58
2026-08-29 10:00:00,WR,201.11,158.14
2026-08-29 11:00:00,SR,222.42,78.5
2026-08-29 11:00:00,WR,165.77,51.59
2026-08-29 12:00:00,SR,208.72,33.55
2026-08-29 12:00:00,WR,218.52,111.48
2026-08-29 13:00:00,SR,246.05,26.03
2026-08-29 13:00:00,WR,154.66,136.44
2026-08-29 14:00:00,SR,175.12,32.39
2026-08-29 14:00:00,WR,169.64,121.48
2026-08-29 15:00:00,SR,134.88,89.57
2026-08-29 15:00:00,WR,125.81,91.47
2026-08-29 16:00:00,SR,124.92,66.71
2026-08-29 16:00:00,WR,78.89,135.91
2026-08-29 17:00:00,SR,45.86,68.0
2026-08-29 17:00:00,WR,40.16,138.96
2026-08-29 18:00:00,SR,0.0,98.15
2026-08-29 18:00:00,WR,0.0,134.52
2026-08-29 19:00:00,SR,0.0,83.3
2026-08-29 19:00:00,WR,0.0,32.72
2026-08-29 20:00:00,SR,0.0,74.11
2026-08-29 20:00:00,WR,0.0,68.24
2026-08-29 21:00:00,SR,0.0,73.63
2026-08-29 21:00:00,WR,0.0,95.57
2026-08-29 22:00:00,SR,0.0,123.96
2026-08-29 22:00:00,WR,0.0,113.38
2026-08-29 23:00:00,SR,0.0,101.91
2026-08-29 23:00:00,WR,0.0,158.69
2026-08-30 00:00:00,SR,0.0,74.68
2026-08-30 00:00:00,WR,0.0,82.58
2026-08-30 01:00:00,SR,0.0,72.82
2026-08-30 01:00:00,WR,0.0,152.5
2026-08-30 02:00:00,SR,0.0,25.28
2026-08-30 02:00:00,WR,0.0,52.88
2026-08-30 03:00:00,SR,0.0,121.46
2026-08-30 03:00:00,WR,0.0,81.98
2026-08-30 04:00:00,SR,0.0,56.01
2026-08-30 04:00:00,WR,0.0,37.32
2026-08-30 05:00:00,SR,0.0,49.37
2026-08-30 05:00:00,WR,0.0,133.95
2026-08-30 06:00:00,SR,0.0,97.96
2026-08-30 06:00:00,WR,0.0,65.98
2026-08-30 07:00:00,SR,44.36,29.0
2026-08-30 07:00:00,WR,58.16,104.86
2026-08-30 08:00:00,SR,84.22,85.46
2026-08-30 08:00:00,WR,69.54,30.31
2026-08-30 09:00:00,SR,123.5,120.51
2026-08-30 09:00:00,WR,137.85,72.69
2026-08-30 10:00:00,SR,252.43,79.84
2026-08-30 10:00:00,WR,136.65,115.9
2026-08-30 11:00:00,SR,239.79,53.15
2026-08-30 11:00:00,WR,157.64,112.91
2026-08-30 12:00:00,SR,173.64,99.93
2026-08-30 12:00:00,WR,180.17,56.14
2026-08-30 13:00:00,SR,172.65,31.48
2026-08-30 13:00:00,WR,147.82,63.16
2026-08-30 14:00:00,SR,179.28,23.81
2026-08-30 14:00:00,WR,121.98,73.14
2026-08-30 15:00:00,SR,158.11,96.81
2026-08-30 15:00:00,WR,168.98,146.39
2026-08-30 16:00:00,SR,136.59,85.95
2026-08-30 16:00:00,WR,89.68,110.62
2026-08-30 17:00:00,SR,72.3,65.18
2026-08-30 17:00:00,WR,52.11,146.02
2026-08-30 18:00:00,SR,0.0,75.68
2026-08-30 18:00:00,WR,0.0,71.49
2026-08-30 19:00:00,SR,0.0,45.92
2026-08-30 19:00:00,WR,0.0,72.25
2026-08-30 20:00:00,SR,0.0,121.64
2026-08-30 20:00:00,WR,0.0,35.72
2026-08-30 21:00:00,SR,0.0,51.37
2026-08-30 21:00:00,WR,0.0,74.06
2026-08-30 22:00:00,SR,0.0,25.25
2026-08-30 22:00:00,WR,0.0,152.91
2026-08-30 23:00:00,SR,0.0,47.98
2026-08-30 23:00:00,WR,0.0,157.68
2026-08-31 00:00:00,SR,0.0,61.0
2026-08-31 00:00:00,WR,0.0,45.35
2026-08-31 01:00:00,SR,0.0,59.39
2026-08-31 01:00:00,WR,0.0,94.13
2026-08-31 02:00:00,SR,0.0,77.59
2026-08-31 02:00:00,WR,0.0,83.39
2026-08-31 03:00:00,SR,0.0,115.23
2026-08-31 03:00:00,WR,0.0,98.51
2026-08-31 04:00:00,SR,0.0,53.2
2026-08-31 04:00:00,WR,0.0,107.66
2026-08-31 05:00:00,SR,0.0,77.18
2026-08-31 05:00:00,WR,0.0,32.84
2026-08-31 06:00:00,SR,0.0,108.79
2026-08-31 06:00:00,WR,0.0,166.31
2026-08-31 07:00:00,SR,48.21,33.37
2026-08-31 07:00:00,WR,54.61,122.46
2026-08-31 08:00:00,SR,116.45,93.05
2026-08-31 08:00:00,WR,98.45,76.8
2026-08-31 09:00:00,SR,192.61,84.41
2026-08-31 09:00:00,WR,109.08,111.77
2026-08-31 10:00:00,SR,233.37,63.73
2026-08-31 10:00:00,WR,123.46,145.43
2026-08-31 11:00:00,SR,163.66,34.69
2026-08-31 11:00:00,WR,178.55,88.07
2026-08-31 12:00:00,SR,170.23,57.04
2026-08-31 12:00:00,WR,174.31,165.71
2026-08-31 13:00:00,SR,223.99,59.91
2026-08-31 13:00:00,WR,151.82,51.18
2026-08-31 14:00:00,SR,208.44,72.96
2026-08-31 14:00:00,WR,135.21,122.19
2026-08-31 15:00:00,SR,181.39,92.53
2026-08-31 15:00:00,WR,176.13,62.97
2026-08-31 16:00:00,SR,103.97,58.85
2026-08-31 16:00:00,WR,119.69,69.01
2026-08-31 17:00:00,SR,63.15,85.13
2026-08-31 17:00:00,WR,54.45,35.67
2026-08-31 18:00:00,SR,0.0,57.18
2026-08-31 18:00:00,WR,0.0,121.64
2026-08-31 19:00:00,SR,0.0,95.37
2026-08-31 19:00:00,WR,0.0,105.08
2026-08-31 20:00:00,SR,0.0,90.48
2026-08-31 20:00:00,WR,0.0,63.3
2026-08-31 21:00:00,SR,0.0,36.68
2026-08-31 21:00:00,WR,0.0,145.99
2026-08-31 22:00:00,SR,0.0,68.81
2026-08-31 22:00:00,WR,0.0,165.82
2026-08-31 23:00:00,SR,0.0,116.23
2026-08-31 23:00:00,WR,0.0,94.29
2026-09-01 00:00:00,SR,0.0,26.31
2026-09-01 00:00:00,WR,0.0,119.03
2026-09-01 01:00:00,SR,0.0,112.29
2026-09-01 01:00:00,WR,0.0,140.66
2026-09-01 02:00:00,SR,0.0,39.63
2026-09-01 02:00:00,WR,0.0,63.81
2026-09-01 03:00:00,SR,0.0,75.76
2026-09-01 03:00:00,WR,0.0,151.02
2026-09-01 04:00:00,SR,0.0,67.06
2026-09-01 04:00:00,WR,0.0,69.23
2026-09-01 05:00:00,SR,0.0,23.56
2026-09-01 05:00:00,WR,0.0,138.62
2026-09-01 06:00:00,SR,0.0,70.27
2026-09-01 06:00:00,WR,0.0,70.37
2026-09-01 07:00:00,SR,76.05,52.61
2026-09-01 07:00:00,WR,51.13,103.49
2026-09-01 08:00:00,SR,140.97,119.35
2026-09-01 08:00:00,WR,116.59,169.46
2026-09-01 09:00:00,SR,169.83,43.78
2026-09-01 09:00:00,WR,105.76,67.99
2026-09-01 10:00:00,SR,223.01,80.14
2026-09-01 10:00:00,WR,153.92,97.05
2026-09-01 11:00:00,SR,282.54,68.62
2026-09-01 11:00:00,WR,186.49,149.87
2026-09-01 12:00:00,SR,201.25,37.02
2026-09-01 12:00:00,WR,224.19,32.64
2026-09-01 13:00:00,SR,250.48,124.78
2026-09-01 13:00:00,WR,182.26,116.53
2026-09-01 14:00:00,SR,146.21,100.25
2026-09-01 14:00:00,WR,163.93,48.29
2026-09-01 15:00:00,SR,205.16,30.35
2026-09-01 15:00:00,WR,128.85,87.63
2026-09-01 16:00:00,SR,89.94,95.16
2026-09-01 16:00:00,WR,79.31,135.88
2026-09-01 17:00:00,SR,65.35,29.73
2026-09-01 17:00:00,WR,44.95,112.46
2026-09-01 18:00:00,SR,0.0,77.46
2026-09-01 18:00:00,WR,0.0,152.84
2026-09-01 19:00:00,SR,0.0,117.76
2026-09-01 19:00:00,WR,0.0,47.08
2026-09-01 20:00:00,SR,0.0,114.69
2026-09-01 20:00:00,WR,0.0,46.0
2026-09-01 21:00:00,SR,0.0,107.81
2026-09-01 21:00:00,WR,0.0,72.04
2026-09-01 22:00:00,SR,0.0,76.67
2026-09-01 22:00:00,WR,0.0,90.37
2026-09-01 23:00:00,SR,0.0,48.93
2026-09-01 23:00:00,WR,0.0,71.8
2026-09-02 00:00:00,SR,0.0,75.63
2026-09-02 00:00:00,WR,0.0,136.85
2026-09-02 01:00:00,SR,0.0,33.09
2026-09-02 01:00:00,WR,0.0,64.34
2026-09-02 02:00:00,SR,0.0,91.68
2026-09-02 02:00:00,WR,0.0,41.87
2026-09-02 03:00:00,SR,0.0,36.57
2026-09-02 03:00:00,WR,0.0,87.93
2026-09-02 04:00:00,SR,0.0,76.17
2026-09-02 04:00:00,WR,0.0,138.27
2026-09-02 05:00:00,SR,0.0,28.21
2026-09-02 05:00:00,WR,0.0,149.08
2026-09-02 06:00:00,SR,0.0,46.87
2026-09-02 06:00:00,WR,0.0,108.1
2026-09-02 07:00:00,SR,64.37,105.11
2026-09-02 07:00:00,WR,56.67,125.39
2026-09-02 08:00:00,SR,86.37,111.78
2026-09-02 08:00:00,WR,81.93,107.11
2026-09-02 09:00:00,SR,198.84,58.44
2026-09-02 09:00:00,WR,158.53,74.4
2026-09-02 10:00:00,SR,219.94,64.77
2026-09-02 10:00:00,WR,182.79,97.41
2026-09-02 11:00:00,SR,179.48,78.01
2026-09-02 11:00:00,WR,187.49,42.61
2026-09-02 12:00:00,SR,176.66,114.74
2026-09-02 12:00:00,WR,212.45,151.2
2026-09-02 13:00:00,SR,279.91,108.77
2026-09-02 13:00:00,WR,148.18,81.25
2026-09-02 14:00:00,SR,208.66,81.05
2026-09-02 14:00:00,WR,123.82,34.15
2026-09-02 15:00:00,SR,210.66,48.53
2026-09-02 15:00:00,WR,175.95,99.09
2026-09-02 16:00:00,SR,87.63,81.5
2026-09-02 16:00:00,WR,88.75,68.48
2026-09-02 17:00:00,SR,54.19,56.35
2026-09-02 17:00:00,WR,64.12,65.32
2026-09-02 18:00:00,SR,0.0,85.11
2026-09-02 18:00:00,WR,0.0,69.73
2026-09-02 19:00:00,SR,0.0,50.22
2026-09-02 19:00:00,WR,0.0,39.87
2026-09-02 20:00:00,SR,0.0,42.23
2026-09-02 20:00:00,WR,0.0,125.66
2026-09-02 21:00:00,SR,0.0,26.75
2026-09-02 21:00:00,WR,0.0,30.23
2026-09-02 22:00:00,SR,0.0,60.76
2026-09-02 22:00:00,WR,0.0,124.6
2026-09-02 23:00:00,SR,0.0,114.79
2026-09-02 23:00:00,WR,0.0,65.05
2026-09-03 00:00:00,SR,0.0,57.85
2026-09-03 00:00:00,WR,0.0,134.45
2026-09-03 01:00:00,SR,0.0,93.8
2026-09-03 01:00:00,WR,0.0,137.77
2026-09-03 02:00:00,SR,0.0,101.94
2026-09-03 02:00:00,WR,0.0,131.38
2026-09-03 03:00:00,SR,0.0,56.95
2026-09-03 03:00:00,WR,0.0,33.43
2026-09-03 04:00:00,SR,0.0,108.77
2026-09-03 04:00:00,WR,0.0,128.52
2026-09-03 05:00:00,SR,0.0,95.15
2026-09-03 05:00:00,WR,0.0,168.62
2026-09-03 06:00:00,SR,0.0,22.6
2026-09-03 06:00:00,WR,0.0,68.39
2026-09-03 07:00:00,SR,43.93,126.54
2026-09-03 07:00:00,WR,59.28,52.46
2026-09-03 08:00:00,SR,135.3,120.94
2026-09-03 08:00:00,WR,105.91,135.7
2026-09-03 09:00:00,SR,202.81,24.65
2026-09-03 09:00:00,WR,100.18,107.53
2026-09-03 10:00:00,SR,235.47,69.87
2026-09-03 10:00:00,WR,175.18,72.48
2026-09-03 11:00:00,SR,262.34,23.21
2026-09-03 11:00:00,WR,228.04,52.78
2026-09-03 12:00:00,SR,203.91,101.39
2026-09-03 12:00:00,WR,178.47,148.81
2026-09-03 13:00:00,SR,262.79,87.57
2026-09-03 13:00:00,WR,153.53,144.99
2026-09-03 14:00:00,SR,178.12,55.09
2026-09-03 14:00:00,WR,126.78,98.49
2026-09-03 15:00:00,SR,208.96,68.62
2026-09-03 15:00:00,WR,103.22,124.91
2026-09-03 16:00:00,SR,112.68,80.49
2026-09-03 16:00:00,WR,113.22,148.98
2026-09-03 17:00:00,SR,57.01,80.53
2026-09-03 17:00:00,WR,64.16,124.08
2026-09-03 18:00:00,SR,0.0,109.31
2026-09-03 18:00:00,WR,0.0,100.81
2026-09-03 19:00:00,SR,0.0,117.95
2026-09-03 19:00:00,WR,0.0,157.78
2026-09-03 20:00:00,SR,0.0,120.37
2026-09-03 20:00:00,WR,0.0,120.13
2026-09-03 21:00:00,SR,0.0,81.75
2026-09-03 21:00:00,WR,0.0,153.7
2026-09-03 22:00:00,SR,0.0,68.93
2026-09-03 22:00:00,WR,0.0,62.96
2026-09-03 23:00:00,SR,0.0,96.55
2026-09-03 23:00:00,WR,0.0,99.54
2026-09-04 00:00:00,SR,0.0,110.52
2026-09-04 00:00:00,WR,0.0,132.17
2026-09-04 01:00:00,SR,0.0,81.61
2026-09-04 01:00:00,WR,0.0,58.38
2026-09-04 02:00:00,SR,0.0,96.0
2026-09-04 02:00:00,WR,0.0,59.59
2026-09-04 03:00:00,SR,0.0,101.22
2026-09-04 03:00:00,WR,0.0,166.93
2026-09-04 04:00:00,SR,0.0,93.52
2026-09-04 04:00:00,WR,0.0,90.85
2026-09-04 05:00:00,SR,0.0,100.84
2026-09-04 05:00:00,WR,0.0,55.45
2026-09-04 06:00:00,SR,0.0,74.83
2026-09-04 06:00:00,WR,0.0,85.63
2026-09-04 07:00:00,SR,63.26,22.76
2026-09-04 07:00:00,WR,53.73,159.22
2026-09-04 08:00:00,SR,140.28,86.55
2026-09-04 08:00:00,WR,124.25,121.24
2026-09-04 09:00:00,SR,129.0,108.22
2026-09-04 09:00:00,WR,152.91,75.06
2026-09-04 10:00:00,SR,226.73,102.12
2026-09-04 10:00:00,WR,202.59,60.49
2026-09-04 11:00:00,SR,210.5,112.19
2026-09-04 11:00:00,WR,144.37,166.26
2026-09-04 12:00:00,SR,220.89,82.4
2026-09-04 12:00:00,WR,234.72,72.51
2026-09-04 13:00:00,SR,159.46,90.21
2026-09-04 13:00:00,WR,206.18,95.38
2026-09-04 14:00:00,SR,226.86,82.05
2026-09-04 14:00:00,WR,150.56,70.15
2026-09-04 15:00:00,SR,164.07,107.54
2026-09-04 15:00:00,WR,108.05,106.9
2026-09-04 16:00:00,SR,128.49,51.7
2026-09-04 16:00:00,WR,93.87,101.71
2026-09-04 17:00:00,SR,76.22,96.76
2026-09-04 17:00:00,WR,41.86,161.41
2026-09-04 18:00:00,SR,0.0,124.48
2026-09-04 18:00:00,WR,0.0,155.94
2026-09-04 19:00:00,SR,0.0,118.99
2026-09-04 19:00:00,WR,0.0,45.3
2026-09-04 20:00:00,SR,0.0,101.81
2026-09-04 20:00:00,WR,0.0,117.2
2026-09-04 21:00:00,SR,0.0,86.49
2026-09-04 21:00:00,WR,0.0,148.92
2026-09-04 22:00:00,SR,0.0,40.58
2026-09-04 22:00:00,WR,0.0,76.33
2026-09-04 23:00:00,SR,0.0,79.55
2026-09-04 23:00:00,WR,0.0,57.32
2026-09-05 00:00:00,SR,0.0,102.86
2026-09-05 00:00:00,WR,0.0,67.1
2026-09-05 01:00:00,SR,0.0,77.19
2026-09-05 01:00:00,WR,0.0,68.21
2026-09-05 02:00:00,SR,0.0,113.67
2026-09-05 02:00:00,WR,0.0,92.61
2026-09-05 03:00:00,SR,0.0,34.01
2026-09-05 03:00:00,WR,0.0,75.63
2026-09-05 04:00:00,SR,0.0,62.5
2026-09-05 04:00:00,WR,0.0,67.98
2026-09-05 05:00:00,SR,0.0,75.63
2026-09-05 05:00:00,WR,0.0,120.79
2026-09-05 06:00:00,SR,0.0,33.9
2026-09-05 06:00:00,WR,0.0,77.65
2026-09-05 07:00:00,SR,48.07,110.45
2026-09-05 07:00:00,WR,55.67,54.62
2026-09-05 08:00:00,SR,115.2,27.62
2026-09-05 08:00:00,WR,81.18,58.09
2026-09-05 09:00:00,SR,118.25,72.21
2026-09-05 09:00:00,WR,97.3,96.33
2026-09-05 10:00:00,SR,162.11,96.54
2026-09-05 10:00:00,WR,122.87,68.21
2026-09-05 11:00:00,SR,263.09,46.47
2026-09-05 11:00:00,WR,240.92,158.58
2026-09-05 12:00:00,SR,244.94,38.72
2026-09-05 12:00:00,WR,161.7,73.4
2026-09-05 13:00:00,SR,198.96,115.82
2026-09-05 13:00:00,WR,183.2,148.22
2026-09-05 14:00:00,SR,206.51,115.52
2026-09-05 14:00:00,WR,197.28,47.67
2026-09-05 15:00:00,SR,138.17,57.15
2026-09-05 15:00:00,WR,107.13,88.34
2026-09-05 16:00:00,SR,114.29,72.91
2026-09-05 16:00:00,WR,117.69,153.49
2026-09-05 17:00:00,SR,77.56,34.52
2026-09-05 17:00:00,WR,38.71,110.4
2026-09-05 18:00:00,SR,0.0,113.19
2026-09-05 18:00:00,WR,0.0,126.06
2026-09-05 19:00:00,SR,0.0,80.59
2026-09-05 19:00:00,WR,0.0,158.3
2026-09-05 20:00:00,SR,0.0,58.62
2026-09-05 20:00:00,WR,0.0,93.67
2026-09-05 21:00:00,SR,0.0,77.02
2026-09-05 21:00:00,WR,0.0,41.63
2026-09-05 22:00:00,SR,0.0,53.21
2026-09-05 22:00:00,WR,0.0,111.1
2026-09-05 23:00:00,SR,0.0,106.41
2026-09-05 23:00:00,WR,0.0,87.19
2026-09-06 00:00:00,SR,0.0,74.82
2026-09-06 00:00:00,WR,0.0,143.53
2026-09-06 01:00:00,SR,0.0,119.71
2026-09-06 01:00:00,WR,0.0,77.65
2026-09-06 02:00:00,SR,0.0,87.88
2026-09-06 02:00:00,WR,0.0,152.49
2026-09-06 03:00:00,SR,0.0,76.5
2026-09-06 03:00:00,WR,0.0,68.32
2026-09-06 04:00:00,SR,0.0,97.16
2026-09-06 04:00:00,WR,0.0,52.05
2026-09-06 05:00:00,SR,0.0,75.41
2026-09-06 05:00:00,WR,0.0,72.91
2026-09-06 06:00:00,SR,0.0,41.87
2026-09-06 06:00:00,WR,0.0,69.37
2026-09-06 07:00:00,SR,76.71,107.78
2026-09-06 07:00:00,WR,54.81,49.92
2026-09-06 08:00:00,SR,140.6,73.21
2026-09-06 08:00:00,WR,75.01,48.53
2026-09-06 09:00:00,SR,196.59,54.71
2026-09-06 09:00:00,WR,103.4,152.45
2026-09-06 10:00:00,SR,231.98,37.25
2026-09-06 10:00:00,WR,211.06,36.52
2026-09-06 11:00:00,SR,199.42,69.3
2026-09-06 11:00:00,WR,215.41,133.2
2026-09-06 12:00:00,SR,208.51,63.14
2026-09-06 12:00:00,WR,249.65,78.7
2026-09-06 13:00:00,SR,266.32,49.45
2026-09-06 13:00:00,WR,163.84,93.43
2026-09-06 14:00:00,SR,230.03,30.24
2026-09-06 14:00:00,WR,202.53,132.0
2026-09-06 15:00:00,SR,189.77,105.66
2026-09-06 15:00:00,WR,134.74,64.24
2026-09-06 16:00:00,SR,109.61,98.36
2026-09-06 16:00:00,WR,109.64,149.63
2026-09-06 17:00:00,SR,74.68,106.57
2026-09-06 17:00:00,WR,47.23,123.6
2026-09-06 18:00:00,SR,0.0,73.34
2026-09-06 18:00:00,WR,0.0,96.99
2026-09-06 19:00:00,SR,0.0,104.33
2026-09-06 19:00:00,WR,0.0,103.49
2026-09-06 20:00:00,SR,0.0,53.22
2026-09-06 20:00:00,WR,0.0,138.6
2026-09-06 21:00:00,SR,0.0,106.91
2026-09-06 21:00:00,WR,0.0,166.85
2026-09-06 22:00:00,SR,0.0,56.95
2026-09-06 22:00:00,WR,0.0,92.21
2026-09-06 23:00:00,SR,0.0,107.13
2026-09-06 23:00:00,WR,0.0,77.92
2026-09-07 00:00:00,SR,0.0,31.61
2026-09-07 00:00:00,WR,0.0,82.3
2026-09-07 01:00:00,SR,0.0,27.16
2026-09-07 01:00:00,WR,0.0,48.74
2026-09-07 02:00:00,SR,0.0,127.26
2026-09-07 02:00:00,WR,0.0,71.57
2026-09-07 03:00:00,SR,0.0,113.79
2026-09-07 03:00:00,WR,0.0,42.1
2026-09-07 04:00:00,SR,0.0,115.2
2026-09-07 04:00:00,WR,0.0,89.91
2026-09-07 05:00:00,SR,0.0,122.38
2026-09-07 05:00:00,WR,0.0,53.43
2026-09-07 06:00:00,SR,0.0,52.62
2026-09-07 06:00:00,WR,0.0,141.1
2026-09-07 07:00:00,SR,47.25,75.13
2026-09-07 07:00:00,WR,42.75,115.67
2026-09-07 08:00:00,SR,97.35,120.73
2026-09-07 08:00:00,WR,119.44,109.37
2026-09-07 09:00:00,SR,117.05,37.54
2026-09-07 09:00:00,WR,112.64,78.27
2026-09-07 10:00:00,SR,171.71,43.39
2026-09-07 10:00:00,WR,176.6,100.93
2026-09-07 11:00:00,SR,188.82,91.38
2026-09-07 11:00:00,WR,148.96,92.55
2026-09-07 12:00:00,SR,209.21,87.08
2026-09-07 12:00:00,WR,198.6,67.43
2026-09-07 13:00:00,SR,275.47,85.77
2026-09-07 13:00:00,WR,199.37,39.82
2026-09-07 14:00:00,SR,224.09,60.88
2026-09-07 14:00:00,WR,151.87,142.6
2026-09-07 15:00:00,SR,131.92,56.16
2026-09-07 15:00:00,WR,117.85,114.72
2026-09-07 16:00:00,SR,147.59,87.79
2026-09-07 16:00:00,WR,91.81,74.3
2026-09-07 17:00:00,SR,52.4,69.85
2026-09-07 17:00:00,WR,62.26,78.06
2026-09-07 18:00:00,SR,0.0,92.69
2026-09-07 18:00:00,WR,0.0,157.3
2026-09-07 19:00:00,SR,0.0,81.37
2026-09-07 19:00:00,WR,0.0,134.43
2026-09-07 20:00:00,SR,0.0,115.44
2026-09-07 20:00:00,WR,0.0,125.45
2026-09-07 21:00:00,SR,0.0,93.11
2026-09-07 21:00:00,WR,0.0,36.93
2026-09-07 22:00:00,SR,0.0,89.99
2026-09-07 22:00:00,WR,0.0,48.37
2026-09-07 23:00:00,SR,0.0,42.43
2026-09-07 23:00:00,WR,0.0,119.37
2026-09-08 00:00:00,SR,0.0,33.67
2026-09-08 00:00:00,WR,0.0,59.32
2026-09-08 01:00:00,SR,0.0,123.84
2026-09-08 01:00:00,WR,0.0,61.59
2026-09-08 02:00:00,SR,0.0,85.38
2026-09-08 02:00:00,WR,0.0,139.08
2026-09-08 03:00:00,SR,0.0,66.15
2026-09-08 03:00:00,WR,0.0,70.03
2026-09-08 04:00:00,SR,0.0,84.35
2026-09-08 04:00:00,WR,0.0,40.02
2026-09-08 05:00:00,SR,0.0,28.99
2026-09-08 05:00:00,WR,0.0,35.1
2026-09-08 06:00:00,SR,0.0,45.25
2026-09-08 06:00:00,WR,0.0,116.4
2026-09-08 07:00:00,SR,70.82,78.61
2026-09-08 07:00:00,WR,60.89,45.51
2026-09-08 08:00:00,SR,101.17,25.67
2026-09-08 08:00:00,WR,79.81,104.17
2026-09-08 09:00:00,SR,194.55,41.03
2026-09-08 09:00:00,WR,126.19,97.56
2026-09-08 10:00:00,SR,148.95,101.87
2026-09-08 10:00:00,WR,209.11,106.28
2026-09-08 11:00:00,SR,205.02,63.38
2026-09-08 11:00:00,WR,177.92,168.52
2026-09-08 12:00:00,SR,198.35,112.71
2026-09-08 12:00:00,WR,144.84,160.5
2026-09-08 13:00:00,SR,198.15,44.57
2026-09-08 13:00:00,WR,187.33,100.53
2026-09-08 14:00:00,SR,179.05,43.83
2026-09-08 14:00:00,WR,208.9,101.03
2026-09-08 15:00:00,SR,147.0,31.21
2026-09-08 15:00:00,WR,132.1,68.15
2026-09-08 16:00:00,SR,93.2,66.29
2026-09-08 16:00:00,WR,105.81,109.75
2026-09-08 17:00:00,SR,73.43,28.52
2026-09-08 17:00:00,WR,41.83,129.32
2026-09-08 18:00:00,SR,0.0,117.88
2026-09-08 18:00:00,WR,0.0,85.63
2026-09-08 19:00:00,SR,0.0,115.95
2026-09-08 19:00:00,WR,0.0,30.62
2026-09-08 20:00:00,SR,0.0,93.84
2026-09-08 20:00:00,WR,0.0,92.52
2026-09-08 21:00:00,SR,0.0,47.75
2026-09-08 21:00:00,WR,0.0,30.85
2026-09-08 22:00:00,SR,0.0,66.58
2026-09-08 22:00:00,WR,0.0,40.5
2026-09-08 23:00:00,SR,0.0,44.68
2026-09-08 23:00:00,WR,0.0,90.29
2026-09-09 00:00:00,SR,0.0,36.0
2026-09-09 00:00:00,WR,0.0,41.47
2026-09-09 01:00:00,SR,0.0,62.4
2026-09-09 01:00:00,WR,0.0,68.59
2026-09-09 02:00:00,SR,0.0,82.96
2026-09-09 02:00:00,WR,0.0,121.77
2026-09-09 03:00:00,SR,0.0,60.29
2026-09-09 03:00:00,WR,0.0,73.21
2026-09-09 04:00:00,SR,0.0,86.64
2026-09-09 04:00:00,WR,0.0,169.67
2026-09-09 05:00:00,SR,0.0,53.61
2026-09-09 05:00:00,WR,0.0,158.28
2026-09-09 06:00:00,SR,0.0,105.52
2026-09-09 06:00:00,WR,0.0,165.37
2026-09-09 07:00:00,SR,73.39,56.31
2026-09-09 07:00:00,WR,60.86,74.65
2026-09-09 08:00:00,SR,121.08,51.71
2026-09-09 08:00:00,WR,110.91,49.16
2026-09-09 09:00:00,SR,121.76,99.98
2026-09-09 09:00:00,WR,151.68,98.75
2026-09-09 10:00:00,SR,162.89,67.2
2026-09-09 10:00:00,WR,120.72,68.39
2026-09-09 11:00:00,SR,222.89,41.87
2026-09-09 11:00:00,WR,236.63,74.22
2026-09-09 12:00:00,SR,177.76,59.04
2026-09-09 12:00:00,WR,157.91,56.25
2026-09-09 13:00:00,SR,283.56,87.09
2026-09-09 13:00:00,WR,184.89,147.97
2026-09-09 14:00:00,SR,187.49,26.59
2026-09-09 14:00:00,WR,192.93,91.16
2026-09-09 15:00:00,SR,173.97,32.19
2026-09-09 15:00:00,WR,113.83,36.45
2026-09-09 16:00:00,SR,119.12,101.45
2026-09-09 16:00:00,WR,94.77,144.07
2026-09-09 17:00:00,SR,57.51,53.94
2026-09-09 17:00:00,WR,56.83,87.2
2026-09-09 18:00:00,SR,0.0,25.1
2026-09-09 18:00:00,WR,0.0,91.07
2026-09-09 19:00:00,SR,0.0,67.65
2026-09-09 19:00:00,WR,0.0,111.06
2026-09-09 20:00:00,SR,0.0,115.25
2026-09-09 20:00:00,WR,0.0,102.45
2026-09-09 21:00:00,SR,0.0,48.13
2026-09-09 21:00:00,WR,0.0,125.34
2026-09-09 22:00:00,SR,0.0,82.78
2026-09-09 22:00:00,WR,0.0,101.08
2026-09-09 23:00:00,SR,0.0,94.35
2026-09-09 23:00:00,WR,0.0,161.69
2026-09-10 00:00:00,SR,0.0,28.89
2026-09-10 00:00:00,WR,0.0,89.92
2026-09-10 01:00:00,SR,0.0,38.58
2026-09-10 01:00:00,WR,0.0,32.23
2026-09-10 02:00:00,SR,0.0,57.28
2026-09-10 02:00:00,WR,0.0,63.09
2026-09-10 03:00:00,SR,0.0,92.86
2026-09-10 03:00:00,WR,0.0,100.08
2026-09-10 04:00:00,SR,0.0,68.6
2026-09-10 04:00:00,WR,0.0,105.68
2026-09-10 05:00:00,SR,0.0,99.59
2026-09-10 05:00:00,WR,0.0,107.33
2026-09-10 06:00:00,SR,0.0,102.13
2026-09-10 06:00:00,WR,0.0,68.45
2026-09-10 07:00:00,SR,77.37,101.71
2026-09-10 07:00:00,WR,54.95,128.56
2026-09-10 08:00:00,SR,140.02,109.9
2026-09-10 08:00:00,WR,91.88,86.3
2026-09-10 09:00:00,SR,186.38,106.69
2026-09-10 09:00:00,WR,111.46,87.96
2026-09-10 10:00:00,SR,252.17,72.4
2026-09-10 10:00:00,WR,195.74,157.26
2026-09-10 11:00:00,SR,242.61,76.57
2026-09-10 11:00:00,WR,197.32,71.91
2026-09-10 12:00:00,SR,279.89,67.79
2026-09-10 12:00:00,WR,214.26,133.62
2026-09-10 13:00:00,SR,266.27,106.43
2026-09-10 13:00:00,WR,168.92,145.72
2026-09-10 14:00:00,SR,255.35,48.64
2026-09-10 14:00:00,WR,126.26,31.51
2026-09-10 15:00:00,SR,184.41,101.98
2026-09-10 15:00:00,WR,107.01,51.84
2026-09-10 16:00:00,SR,145.7,117.72
2026-09-10 16:00:00,WR,118.19,89.5
2026-09-10 17:00:00,SR,62.74,83.31
2026-09-10 17:00:00,WR,43.59,90.07
2026-09-10 18:00:00,SR,0.0,124.87
2026-09-10 18:00:00,WR,0.0,72.2
2026-09-10 19:00:00,SR,0.0,49.28
2026-09-10 19:00:00,WR,0.0,49.31
2026-09-10 20:00:00,SR,0.0,98.6
2026-09-10 20:00:00,WR,0.0,121.83
2026-09-10 21:00:00,SR,0.0,106.06
2026-09-10 21:00:00,WR,0.0,49.12
2026-09-10 22:00:00,SR,0.0,68.83
2026-09-10 22:00:00,WR,0.0,138.56
2026-09-10 23:00:00,SR,0.0,44.68
2026-09-10 23:00:00,WR,0.0,58.24
2026-09-11 00:00:00,SR,0.0,42.34
2026-09-11 00:00:00,WR,0.0,132.39
2026-09-11 01:00:00,SR,0.0,112.43
2026-09-11 01:00:00,WR,0.0,142.78
2026-09-11 02:00:00,SR,0.0,76.13
2026-09-11 02:00:00,WR,0.0,47.55
2026-09-11 03:00:00,SR,0.0,31.96
2026-09-11 03:00:00,WR,0.0,42.14
2026-09-11 04:00:00,SR,0.0,97.79
2026-09-11 04:00:00,WR,0.0,162.94
2026-09-11 05:00:00,SR,0.0,48.77
2026-09-11 05:00:00,WR,0.0,94.83
2026-09-11 06:00:00,SR,0.0,55.01
2026-09-11 06:00:00,WR,0.0,33.26
2026-09-11 07:00:00,SR,49.7,31.41
2026-09-11 07:00:00,WR,43.7,100.76
2026-09-11 08:00:00,SR,117.03,69.83
2026-09-11 08:00:00,WR,118.6,68.0
2026-09-11 09:00:00,SR,188.39,71.28
2026-09-11 09:00:00,WR,158.89,122.71
2026-09-11 10:00:00,SR,183.09,49.97
2026-09-11 10:00:00,WR,130.31,71.07
2026-09-11 11:00:00,SR,195.65,119.92
2026-09-11 11:00:00,WR,158.66,91.95
2026-09-11 12:00:00,SR,187.29,126.26
2026-09-11 12:00:00,WR,208.98,90.68
2026-09-11 13:00:00,SR,202.01,31.78
2026-09-11 13:00:00,WR,159.39,127.42
2026-09-11 14:00:00,SR,171.97,28.63
2026-09-11 14:00:00,WR,176.02,102.7
2026-09-11 15:00:00,SR,192.09,76.32
2026-09-11 15:00:00,WR,141.33,61.07
2026-09-11 16:00:00,SR,105.25,92.02
2026-09-11 16:00:00,WR,107.02,84.25
2026-09-11 17:00:00,SR,64.74,121.19
2026-09-11 17:00:00,WR,46.17,50.96
2026-09-11 18:00:00,SR,0.0,93.97
2026-09-11 18:00:00,WR,0.0,114.37
2026-09-11 19:00:00,SR,0.0,108.37
2026-09-11 19:00:00,WR,0.0,77.64
2026-09-11 20:00:00,SR,0.0,105.7
2026-09-11 20:00:00,WR,0.0,150.38
2026-09-11 21:00:00,SR,0.0,74.09
2026-09-11 21:00:00,WR,0.0,148.36
2026-09-11 22:00:00,SR,0.0,96.47
2026-09-11 22:00:00,WR,0.0,45.27
2026-09-11 23:00:00,SR,0.0,30.72
2026-09-11 23:00:00,WR,0.0,127.31
2026-09-12 00:00:00,SR,0.0,102.09
2026-09-12 00:00:00,WR,0.0,85.14
2026-09-12 01:00:00,SR,0.0,123.49
2026-09-12 01:00:00,WR,0.0,169.96
2026-09-12 02:00:00,SR,0.0,31.42
2026-09-12 02:00:00,WR,0.0,61.5
2026-09-12 03:00:00,SR,0.0,110.29
2026-09-12 03:00:00,WR,0.0,69.27
2026-09-12 04:00:00,SR,0.0,120.46
2026-09-12 04:00:00,WR,0.0,91.89
2026-09-12 05:00:00,SR,0.0,46.25
2026-09-12 05:00:00,WR,0.0,67.62
2026-09-12 06:00:00,SR,0.0,119.93
2026-09-12 06:00:00,WR,0.0,97.33
2026-09-12 07:00:00,SR,76.26,35.93
2026-09-12 07:00:00,WR,42.02,100.89
2026-09-12 08:00:00,SR,106.06,95.81
2026-09-12 08:00:00,WR,118.74,140.94
2026-09-12 09:00:00,SR,137.82,56.6
2026-09-12 09:00:00,WR,136.91,70.39
2026-09-12 10:00:00,SR,145.62,38.62
2026-09-12 10:00:00,WR,136.6,152.97
2026-09-12 11:00:00,SR,232.71,91.07
2026-09-12 11:00:00,WR,209.99,110.1
2026-09-12 12:00:00,SR,252.6,104.23
2026-09-12 12:00:00,WR,236.44,47.04
2026-09-12 13:00:00,SR,213.53,51.22
2026-09-12 13:00:00,WR,206.98,60.34
2026-09-12 14:00:00,SR,144.72,44.2
2026-09-12 14:00:00,WR,130.83,95.19
2026-09-12 15:00:00,SR,146.49,41.21
2026-09-12 15:00:00,WR,128.04,161.76
2026-09-12 16:00:00,SR,83.86,39.03
2026-09-12 16:00:00,WR,86.97,144.09
2026-09-12 17:00:00,SR,65.98,88.61
2026-09-12 17:00:00,WR,57.39,123.51
2026-09-12 18:00:00,SR,0.0,106.31
2026-09-12 18:00:00,WR,0.0,87.11
2026-09-12 19:00:00,SR,0.0,82.11
2026-09-12 19:00:00,WR,0.0,84.55
2026-09-12 20:00:00,SR,0.0,36.94
2026-09-12 20:00:00,WR,0.0,52.53
2026-09-12 21:00:00,SR,0.0,81.73
2026-09-12 21:00:00,WR,0.0,68.61
2026-09-12 22:00:00,SR,0.0,28.97
2026-09-12 22:00:00,WR,0.0,153.17
2026-09-12 23:00:00,SR,0.0,67.74
2026-09-12 23:00:00,WR,0.0,96.41
2026-09-13 00:00:00,SR,0.0,63.48
2026-09-13 00:00:00,WR,0.0,77.79
2026-09-13 01:00:00,SR,0.0,67.42
2026-09-13 01:00:00,WR,0.0,60.26
2026-09-13 02:00:00,SR,0.0,51.88
2026-09-13 02:00:00,WR,0.0,97.89
2026-09-13 03:00:00,SR,0.0,94.51
2026-09-13 03:00:00,WR,0.0,130.33
2026-09-13 04:00:00,SR,0.0,110.8
2026-09-13 04:00:00,WR,0.0,70.14
2026-09-13 05:00:00,SR,0.0,103.19
2026-09-13 05:00:00,WR,0.0,136.08
2026-09-13 06:00:00,SR,0.0,79.03
2026-09-13 06:00:00,WR,0.0,140.26
2026-09-13 07:00:00,SR,43.79,98.41
2026-09-13 07:00:00,WR,42.89,118.34
2026-09-13 08:00:00,SR,119.29,50.93
2026-09-13 08:00:00,WR,77.4,80.93
2026-09-13 09:00:00,SR,147.97,120.74
2026-09-13 09:00:00,WR,154.85,118.43
2026-09-13 10:00:00,SR,215.89,72.47
2026-09-13 10:00:00,WR,137.38,150.17
2026-09-13 11:00:00,SR,240.35,65.94
2026-09-13 11:00:00,WR,138.61,113.33
2026-09-13 12:00:00,SR,228.47,52.98
2026-09-13 12:00:00,WR,248.18,104.41
2026-09-13 13:00:00,SR,216.73,94.49
2026-09-13 13:00:00,WR,219.82,113.33
2026-09-13 14:00:00,SR,147.56,105.98
2026-09-13 14:00:00,WR,195.37,121.78
2026-09-13 15:00:00,SR,143.69,94.17
2026-09-13 15:00:00,WR,152.21,61.89
2026-09-13 16:00:00,SR,125.88,91.03
2026-09-13 16:00:00,WR,110.48,63.31
2026-09-13 17:00:00,SR,63.95,123.21
2026-09-13 17:00:00,WR,64.14,61.89
2026-09-13 18:00:00,SR,0.0,99.39
2026-09-13 18:00:00,WR,0.0,150.21
2026-09-13 19:00:00,SR,0.0,96.57
2026-09-13 19:00:00,WR,0.0,64.02
2026-09-13 20:00:00,SR,0.0,47.31
2026-09-13 20:00:00,WR,0.0,80.53
2026-09-13 21:00:00,SR,0.0,52.25
2026-09-13 21:00:00,WR,0.0,130.05
2026-09-13 22:00:00,SR,0.0,67.02
2026-09-13 22:00:00,WR,0.0,52.22
2026-09-13 23:00:00,SR,0.0,51.66
2026-09-13 23:00:00,WR,0.0,52.27
2026-09-14 00:00:00,SR,0.0,61.01
2026-09-14 00:00:00,WR,0.0,98.09
2026-09-14 01:00:00,SR,0.0,63.55
2026-09-14 01:00:00,WR,0.0,64.12
2026-09-14 02:00:00,SR,0.0,85.91
2026-09-14 02:00:00,WR,0.0,62.99
2026-09-14 03:00:00,SR,0.0,45.59
2026-09-14 03:00:00,WR,0.0,31.29
2026-09-14 04:00:00,SR,0.0,106.95
2026-09-14 04:00:00,WR,0.0,81.86
2026-09-14 05:00:00,SR,0.0,68.44
2026-09-14 05:00:00,WR,0.0,74.56
2026-09-14 06:00:00,SR,0.0,31.05
2026-09-14 06:00:00,WR,0.0,116.97
2026-09-14 07:00:00,SR,59.13,25.46
2026-09-14 07:00:00,WR,53.83,39.91
2026-09-14 08:00:00,SR,128.12,58.59
2026-09-14 08:00:00,WR,86.58,152.19
2026-09-14 09:00:00,SR,207.29,56.53
2026-09-14 09:00:00,WR,143.54,87.68
2026-09-14 10:00:00,SR,208.81,49.53
2026-09-14 10:00:00,WR,164.39,59.16
2026-09-14 11:00:00,SR,240.24,71.54
2026-09-14 11:00:00,WR,221.04,157.96
2026-09-14 12:00:00,SR,215.03,43.89
2026-09-14 12:00:00,WR,239.95,61.35
2026-09-14 13:00:00,SR,173.92,35.09
2026-09-14 13:00:00,WR,166.58,52.49
2026-09-14 14:00:00,SR,259.7,65.79
2026-09-14 14:00:00,WR,149.01,76.59
2026-09-14 15:00:00,SR,116.86,122.56
2026-09-14 15:00:00,WR,147.59,56.55
2026-09-14 16:00:00,SR,83.85,66.45
2026-09-14 16:00:00,WR,120.47,44.43
2026-09-14 17:00:00,SR,67.77,118.53
2026-09-14 17:00:00,WR,35.79,149.69
2026-09-14 18:00:00,SR,0.0,71.18
2026-09-14 18:00:00,WR,0.0,79.75
2026-09-14 19:00:00,SR,0.0,124.82
2026-09-14 19:00:00,WR,0.0,113.37
2026-09-14 20:00:00,SR,0.0,26.63
2026-09-14 20:00:00,WR,0.0,61.3
2026-09-14 21:00:00,SR,0.0,126.12
2026-09-14 21:00:00,WR,0.0,53.57
2026-09-14 22:00:00,SR,0.0,111.69
2026-09-14 22:00:00,WR,0.0,95.96
2026-09-14 23:00:00,SR,0.0,120.04
2026-09-14 23:00:00,WR,0.0,79.45
2026-09-15 00:00:00,SR,0.0,49.25
2026-09-15 00:00:00,WR,0.0,116.13
2026-09-15 01:00:00,SR,0.0,37.46
2026-09-15 01:00:00,WR,0.0,60.54
2026-09-15 02:00:00,SR,0.0,92.15
2026-09-15 02:00:00,WR,0.0,122.81
2026-09-15 03:00:00,SR,0.0,76.67
2026-09-15 03:00:00,WR,0.0,137.36
2026-09-15 04:00:00,SR,0.0,77.43
2026-09-15 04:00:00,WR,0.0,53.33
2026-09-15 05:00:00,SR,0.0,119.59
2026-09-15 05:00:00,WR,0.0,36.14
2026-09-15 06:00:00,SR,0.0,55.16
2026-09-15 06:00:00,WR,0.0,138.36
2026-09-15 07:00:00,SR,56.68,36.52
2026-09-15 07:00:00,WR,54.54,128.26
2026-09-15 08:00:00,SR,95.48,37.55
2026-09-15 08:00:00,WR,91.41,62.89
2026-09-15 09:00:00,SR,194.02,96.51
2026-09-15 09:00:00,WR,139.53,58.61
2026-09-15 10:00:00,SR,204.9,61.81
2026-09-15 10:00:00,WR,189.83,57.58
2026-09-15 11:00:00,SR,246.55,107.86
2026-09-15 11:00:00,WR,164.47,100.92
2026-09-15 12:00:00,SR,283.97,79.94
2026-09-15 12:00:00,WR,192.25,114.12
2026-09-15 13:00:00,SR,266.29,76.19
2026-09-15 13:00:00,WR,180.35,158.73
2026-09-15 14:00:00,SR,198.37,113.37
2026-09-15 14:00:00,WR,200.91,153.08
2026-09-15 15:00:00,SR,153.56,64.07
2026-09-15 15:00:00,WR,147.3,118.9
2026-09-15 16:00:00,SR,103.08,76.96
2026-09-15 16:00:00,WR,103.02,90.88
2026-09-15 17:00:00,SR,61.74,91.85
2026-09-15 17:00:00,WR,44.97,112.88
2026-09-15 18:00:00,SR,0.0,45.37
2026-09-15 18:00:00,WR,0.0,31.04
2026-09-15 19:00:00,SR,0.0,113.52
2026-09-15 19:00:00,WR,0.0,149.23
2026-09-15 20:00:00,SR,0.0,58.83
2026-09-15 20:00:00,WR,0.0,36.5
2026-09-15 21:00:00,SR,0.0,119.41
2026-09-15 21:00:00,WR,0.0,103.47
2026-09-15 22:00:00,SR,0.0,44.27
2026-09-15 22:00:00,WR,0.0,116.1
2026-09-15 23:00:00,SR,0.0,81.31
2026-09-15 23:00:00,WR,0.0,57.74
2026-09-16 00:00:00,SR,0.0,78.84
2026-09-16 00:00:00,WR,0.0,155.4
2026-09-16 01:00:00,SR,0.0,109.51
2026-09-16 01:00:00,WR,0.0,56.61
2026-09-16 02:00:00,SR,0.0,37.08
2026-09-16 02:00:00,WR,0.0,153.83
2026-09-16 03:00:00,SR,0.0,118.04
2026-09-16 03:00:00,WR,0.0,136.82
2026-09-16 04:00:00,SR,0.0,78.3
2026-09-16 04:00:00,WR,0.0,63.7
2026-09-16 05:00:00,SR,0.0,84.04
2026-09-16 05:00:00,WR,0.0,51.1
2026-09-16 06:00:00,SR,0.0,26.28
2026-09-16 06:00:00,WR,0.0,85.71
2026-09-16 07:00:00,SR,60.07,50.17
2026-09-16 07:00:00,WR,42.74,169.84
2026-09-16 08:00:00,SR,105.63,90.66
2026-09-16 08:00:00,WR,81.67,146.29
2026-09-16 09:00:00,SR,164.18,32.29
2026-09-16 09:00:00,WR,109.88,167.23
2026-09-16 10:00:00,SR,151.43,41.99
2026-09-16 10:00:00,WR,141.05,89.04
2026-09-16 11:00:00,SR,184.27,86.37
2026-09-16 11:00:00,WR,193.51,46.84
2026-09-16 12:00:00,SR,189.0,115.08
2026-09-16 12:00:00,WR,229.39,68.46
2026-09-16 13:00:00,SR,186.73,32.07
2026-09-16 13:00:00,WR,192.5,106.95
2026-09-16 14:00:00,SR,245.28,53.51
2026-09-16 14:00:00,WR,177.79,37.77
2026-09-16 15:00:00,SR,157.28,123.2
2026-09-16 15:00:00,WR,110.64,52.57
2026-09-16 16:00:00,SR,146.24,97.57
2026-09-16 16:00:00,WR,85.74,50.29
2026-09-16 17:00:00,SR,45.11,84.8
2026-09-16 17:00:00,WR,62.43,101.81
2026-09-16 18:00:00,SR,0.0,121.93
2026-09-16 18:00:00,WR,0.0,80.05
2026-09-16 19:00:00,SR,0.0,33.63
2026-09-16 19:00:00,WR,0.0,68.67
2026-09-16 20:00:00,SR,0.0,64.08
2026-09-16 20:00:00,WR,0.0,100.44
2026-09-16 21:00:00,SR,0.0,55.63
2026-09-16 21:00:00,WR,0.0,71.21
2026-09-16 22:00:00,SR,0.0,36.12
2026-09-16 22:00:00,WR,0.0,78.11
2026-09-16 23:00:00,SR,0.0,95.45
2026-09-16 23:00:00,WR,0.0,93.39
2026-09-17 00:00:00,SR,0.0,51.25
2026-09-17 00:00:00,WR,0.0,100.8
2026-09-17 01:00:00,SR,0.0,58.71
2026-09-17 01:00:00,WR,0.0,167.8
2026-09-17 02:00:00,SR,0.0,31.99
2026-09-17 02:00:00,WR,0.0,61.27
2026-09-17 03:00:00,SR,0.0,74.79
2026-09-17 03:00:00,WR,0.0,98.32
2026-09-17 04:00:00,SR,0.0,39.11
2026-09-17 04:00:00,WR,0.0,50.93
2026-09-17 05:00:00,SR,0.0,67.87
2026-09-17 05:00:00,WR,0.0,79.0
2026-09-17 06:00:00,SR,0.0,122.65
2026-09-17 06:00:00,WR,0.0,54.42
2026-09-17 07:00:00,SR,47.77,77.3
2026-09-17 07:00:00,WR,52.51,88.34
2026-09-17 08:00:00,SR,95.8,30.52
2026-09-17 08:00:00,WR,71.65,160.63
2026-09-17 09:00:00,SR,135.98,28.25
2026-09-17 09:00:00,WR,130.13,139.75
2026-09-17 10:00:00,SR,159.19,74.32
2026-09-17 10:00:00,WR,159.64,161.23
2026-09-17 11:00:00,SR,244.37,31.67
2026-09-17 11:00:00,WR,164.38,87.71
2026-09-17 12:00:00,SR,224.54,83.53
2026-09-17 12:00:00,WR,222.87,78.11
2026-09-17 13:00:00,SR,189.92,61.57
2026-09-17 13:00:00,WR,172.41,169.28
2026-09-17 14:00:00,SR,151.29,45.61
2026-09-17 14:00:00,WR,173.21,126.51
2026-09-17 15:00:00,SR,161.23,126.5
2026-09-17 15:00:00,WR,148.41,145.91
2026-09-17 16:00:00,SR,149.75,125.36
2026-09-17 16:00:00,WR,117.23,108.86
2026-09-17 17:00:00,SR,57.49,30.97
2026-09-17 17:00:00,WR,44.16,33.19
2026-09-17 18:00:00,SR,0.0,47.46
2026-09-17 18:00:00,WR,0.0,145.57
2026-09-17 19:00:00,SR,0.0,23.98
2026-09-17 19:00:00,WR,0.0,93.08
2026-09-17 20:00:00,SR,0.0,32.5
2026-09-17 20:00:00,WR,0.0,53.06
2026-09-17 21:00:00,SR,0.0,70.09
2026-09-17 21:00:00,WR,0.0,70.33
2026-09-17 22:00:00,SR,0.0,58.16
2026-09-17 22:00:00,WR,0.0,101.4
2026-09-17 23:00:00,SR,0.0,41.44
2026-09-17 23:00:00,WR,0.0,147.14
2026-09-18 00:00:00,SR,0.0,97.69
2026-09-18 00:00:00,WR,0.0,54.05
2026-09-18 01:00:00,SR,0.0,60.0
2026-09-18 01:00:00,WR,0.0,115.7
2026-09-18 02:00:00,SR,0.0,111.95
2026-09-18 02:00:00,WR,0.0,135.47
2026-09-18 03:00:00,SR,0.0,47.8
2026-09-18 03:00:00,WR,0.0,161.05
2026-09-18 04:00:00,SR,0.0,79.03
2026-09-18 04:00:00,WR,0.0,46.34
2026-09-18 05:00:00,SR,0.0,41.83
2026-09-18 05:00:00,WR,0.0,159.69
2026-09-18 06:00:00,SR,0.0,38.51
2026-09-18 06:00:00,WR,0.0,137.34
2026-09-18 07:00:00,SR,48.35,86.78
2026-09-18 07:00:00,WR,37.15,100.86
2026-09-18 08:00:00,SR,100.31,40.6
2026-09-18 08:00:00,WR,103.77,72.96
2026-09-18 09:00:00,SR,205.43,27.02
2026-09-18 09:00:00,WR,131.56,107.6
2026-09-18 10:00:00,SR,208.97,80.07
2026-09-18 10:00:00,WR,172.91,35.86
2026-09-18 11:00:00,SR,192.06,70.04
2026-09-18 11:00:00,WR,180.57,59.93
2026-09-18 12:00:00,SR,176.84,98.23
2026-09-18 12:00:00,WR,240.63,166.72
2026-09-18 13:00:00,SR,188.29,42.81
2026-09-18 13:00:00,WR,165.38,54.53
2026-09-18 14:00:00,SR,179.71,117.25
2026-09-18 14:00:00,WR,140.46,96.89
2026-09-18 15:00:00,SR,192.7,121.92
2026-09-18 15:00:00,WR,166.79,100.01
2026-09-18 16:00:00,SR,126.51,92.11
2026-09-18 16:00:00,WR,71.87,35.58
2026-09-18 17:00:00,SR,59.48,117.54
2026-09-18 17:00:00,WR,42.21,147.99
2026-09-18 18:00:00,SR,0.0,59.78
2026-09-18 18:00:00,WR,0.0,108.81
2026-09-18 19:00:00,SR,0.0,89.74
2026-09-18 19:00:00,WR,0.0,74.66
2026-09-18 20:00:00,SR,0.0,79.84
2026-09-18 20:00:00,WR,0.0,160.12
2026-09-18 21:00:00,SR,0.0,35.52
2026-09-18 21:00:00,WR,0.0,76.36
2026-09-18 22:00:00,SR,0.0,63.74
2026-09-18 22:00:00,WR,0.0,146.89
2026-09-18 23:00:00,SR,0.0,55.4
2026-09-18 23:00:00,WR,0.0,155.43
